label,role,q_nm_inv,median_profile_sd,mean_profile_sd,cases
BENIGN,contralateral,2.105000013709068,0.08208829677260918,0.1023910828407571,62
BENIGN,contralateral,2.3150000411272047,0.09236232174657658,0.10608499175758417,62
BENIGN,contralateral,2.5250000685453413,0.09801037371024546,0.11037423335406285,62
BENIGN,contralateral,2.7350000959634775,0.1072567563563421,0.10702025513678978,62
BENIGN,contralateral,2.9450001233816145,0.07832432727262395,0.09182464228639689,62
BENIGN,contralateral,3.1550001507997507,0.08560161932043515,0.09086985846631873,62
BENIGN,contralateral,3.3650001782178873,0.07580365930462282,0.08158356964123746,62
BENIGN,contralateral,3.575000205636024,0.07193952903658526,0.07437980192831457,62
BENIGN,contralateral,3.7850002330541606,0.059904739387593685,0.07154716278525795,62
BENIGN,contralateral,3.995000260472297,0.05601052776324769,0.06085011150255718,62
BENIGN,contralateral,4.205000287890433,0.060504323076121615,0.06763800700331637,62
BENIGN,contralateral,4.41500031530857,0.05105334512643484,0.060343862721142276,62
BENIGN,contralateral,4.625000342726707,0.04849425552666003,0.05967299262804939,62
BENIGN,contralateral,4.835000370144844,0.048201804554563854,0.05048630977359201,62
BENIGN,contralateral,5.04500039756298,0.03902469872418842,0.04754196416750131,62
BENIGN,contralateral,5.255000424981116,0.040953430663461424,0.04156987413628093,62
BENIGN,contralateral,5.465000452399253,0.037677417571739896,0.042700118841859244,62
BENIGN,contralateral,5.67500047981739,0.03395984405536331,0.035726251410054026,62
BENIGN,contralateral,5.885000507235526,0.030671413568693733,0.0353368174692332,62
BENIGN,contralateral,6.095000534653662,0.0315142721007265,0.03666007099455325,62
BENIGN,contralateral,6.3050005620717995,0.03109848591553207,0.03608962086851666,62
BENIGN,contralateral,6.515000589489936,0.029723609730325597,0.03475754494279212,62
BENIGN,contralateral,6.725000616908073,0.01912503305281091,0.021189115209229576,62
BENIGN,contralateral,6.935000644326209,0.019125033052810922,0.02118911520922958,62
BENIGN,contralateral,7.145000671744345,0.030903105625386063,0.030011927843413867,62
BENIGN,contralateral,7.355000699162482,0.03200197570518564,0.03422447014640895,62
BENIGN,contralateral,7.565000726580618,0.028169184318513788,0.03245561520409552,62
BENIGN,contralateral,7.775000753998755,0.03171223232101944,0.03376537321255411,62
BENIGN,contralateral,7.9850007814168915,0.03598333765036485,0.03507743013560232,62
BENIGN,contralateral,8.19500080883503,0.036856810054329954,0.041645407258330054,62
BENIGN,contralateral,8.405000836253166,0.03483970345533646,0.03760830042168654,62
BENIGN,contralateral,8.615000863671302,0.04141590248945143,0.046088972973978966,62
BENIGN,contralateral,8.825000891089438,0.03756080154142332,0.0431756611115934,62
BENIGN,contralateral,9.035000918507574,0.03967071503365416,0.047495426380487066,62
BENIGN,contralateral,9.24500094592571,0.04102663359349259,0.04394095327653242,62
BENIGN,contralateral,9.455000973343846,0.043143323497569115,0.049922775302702165,62
BENIGN,contralateral,9.665001000761984,0.04727811112482859,0.05313267437102559,62
BENIGN,contralateral,9.87500102818012,0.057981521727519955,0.05696236112534316,62
BENIGN,contralateral,10.085001055598259,0.06125866524535835,0.06618285354681762,62
BENIGN,contralateral,10.295001083016395,0.049168370413065016,0.06381287804737959,62
BENIGN,contralateral,10.50500111043453,0.06437510556715145,0.07335434932751769,62
BENIGN,contralateral,10.715001137852667,0.06098443445315662,0.07487758812647208,62
BENIGN,contralateral,10.925001165270803,0.07221958388482266,0.0812186746951887,62
BENIGN,contralateral,11.13500119268894,0.08728856020922338,0.0965597243507964,62
BENIGN,contralateral,11.345001220107077,0.0931512239504104,0.1043877852242535,62
BENIGN,contralateral,11.555001247525214,0.10225281524055109,0.1130107287005204,62
BENIGN,contralateral,11.76500127494335,0.11095753037370093,0.12516444095952042,62
BENIGN,contralateral,11.975001302361486,0.11304490292222433,0.1440938732382986,62
BENIGN,contralateral,12.185001329779622,0.1495321589183026,0.15795326846039667,62
BENIGN,contralateral,12.39500135719776,0.13415142790373702,0.160729546722062,62
BENIGN,contralateral,12.605001384615896,0.14853414395641892,0.17412450310127334,62
BENIGN,contralateral,12.815001412034032,0.1496502323406948,0.18972546342878308,62
BENIGN,contralateral,13.025001439452168,0.1654126601563411,0.1998933363580631,62
BENIGN,contralateral,13.235001466870306,0.15763213702082005,0.21047512977807464,62
BENIGN,contralateral,13.445001494288443,0.18755389310312198,0.23646710484348474,62
BENIGN,contralateral,13.655001521706579,0.18546651376879653,0.23348590122903426,62
BENIGN,contralateral,13.865001549124715,0.20945388503195642,0.23469320071920283,62
BENIGN,contralateral,14.075001576542851,0.1821868499301758,0.22987506782288739,62
BENIGN,contralateral,14.285001603960989,0.18323817927727076,0.21129578063524948,62
BENIGN,contralateral,14.495001631379125,0.19549413873533303,0.2142941811804567,62
BENIGN,contralateral,14.705001658797261,0.1630981012031553,0.19109399295732762,62
BENIGN,contralateral,14.915001686215398,0.14523920930757855,0.18244896049788012,62
BENIGN,contralateral,15.125001713633536,0.15707929819337865,0.16201333408064394,62
BENIGN,contralateral,15.335001741051672,0.12093308893618128,0.1384514741634705,62
BENIGN,contralateral,15.545001768469808,0.11879240012683819,0.13301637752499257,62
BENIGN,contralateral,15.755001795887944,0.10034651371383718,0.11472582824429345,62
BENIGN,contralateral,15.96500182330608,0.10908080150519651,0.11021920682773548,62
BENIGN,contralateral,16.175001850724218,0.09938692983177125,0.1044720304503313,62
BENIGN,contralateral,16.385001878142354,0.07673651458798511,0.09445147088247194,62
BENIGN,contralateral,16.59500190556049,0.08518371379549813,0.09770746397402669,62
BENIGN,contralateral,16.805001932978627,0.09314429025982772,0.09890799698338355,62
BENIGN,contralateral,17.015001960396766,0.08050687586072203,0.09940892561062246,62
BENIGN,contralateral,17.2250019878149,0.08694817030346196,0.10658836755699845,62
BENIGN,contralateral,17.43500201523304,0.08702052752171065,0.11138799223506116,62
BENIGN,contralateral,17.64500204265117,0.09766098924440945,0.10862932848715809,62
BENIGN,contralateral,17.85500207006931,0.08764131389685006,0.11795508896289114,62
BENIGN,contralateral,18.065002097487447,0.08189704963145583,0.11544273763003049,62
BENIGN,contralateral,18.275002124905583,0.10346562431352305,0.12481305690363356,62
BENIGN,contralateral,18.485002152323723,0.091556862734945,0.12915604836666972,62
BENIGN,contralateral,18.695002179741856,0.10516046942315294,0.13996338981821005,62
BENIGN,contralateral,18.905002207159995,0.09699980098289979,0.14088091360335042,62
BENIGN,contralateral,19.115002234578128,0.11444501258569395,0.1498664272335404,62
BENIGN,contralateral,19.325002261996268,0.10882428159676663,0.1484249282322692,62
BENIGN,contralateral,19.5350022894144,0.10463390114020164,0.1494359403972368,62
BENIGN,contralateral,19.74500231683254,0.11139917791504791,0.1601394129089364,62
BENIGN,contralateral,19.955002344250673,0.11874473153329437,0.15886394865485384,62
BENIGN,contralateral,20.165002371668812,0.11035067076424221,0.1573849792924871,62
BENIGN,contralateral,20.375002399086952,0.121672608669918,0.16415963458579216,62
BENIGN,contralateral,20.585002426505085,0.11329597464948615,0.16266268375004614,62
BENIGN,contralateral,20.795002453923225,0.11195699166598208,0.1642946064709498,62
BENIGN,contralateral,21.005002481341357,0.10926380058309794,0.158585957676858,62
BENIGN,contralateral,21.215002508759497,0.11330504596804764,0.16325178205566546,62
BENIGN,contralateral,21.42500253617763,0.11167029829971717,0.16323902296631423,62
BENIGN,contralateral,21.63500256359577,0.11026719346454344,0.16443284870114414,62
BENIGN,contralateral,21.845002591013902,0.1226913161438585,0.15126854509864604,62
BENIGN,contralateral,22.05500261843204,0.11720684275506568,0.16158899860005554,62
BENIGN,contralateral,22.265002645850174,0.10251315817338265,0.15473930259967325,62
BENIGN,contralateral,22.475002673268314,0.11509308498140847,0.1548152388419277,62
BENIGN,contralateral,22.685002700686454,0.10399005771534026,0.15465935003620696,62
BENIGN,contralateral,22.89500272810459,0.09711460268693684,0.14357643957396746,62
BENIGN,target,2.105000013709068,0.09181493536496667,0.10618274111005568,62
BENIGN,target,2.3150000411272047,0.09371989696322582,0.10410576537262123,62
BENIGN,target,2.5250000685453413,0.10813375274335815,0.10639423891216433,62
BENIGN,target,2.7350000959634775,0.10762804009271618,0.11081795304022521,62
BENIGN,target,2.9450001233816145,0.08124686926664129,0.09370699194104122,62
BENIGN,target,3.1550001507997507,0.08320196939197488,0.08767567108555999,62
BENIGN,target,3.3650001782178873,0.0786036667375324,0.08007068546439874,62
BENIGN,target,3.575000205636024,0.06439144110145159,0.07122763080872827,62
BENIGN,target,3.7850002330541606,0.06090905423447922,0.06354033061396346,62
BENIGN,target,3.995000260472297,0.052344029876639865,0.06387006292746267,62
BENIGN,target,4.205000287890433,0.052118130307401034,0.06338408692834295,62
BENIGN,target,4.41500031530857,0.05479203581876693,0.05937391005764304,62
BENIGN,target,4.625000342726707,0.05184877285059082,0.05235609267580622,62
BENIGN,target,4.835000370144844,0.04575801254297608,0.048378580481968934,62
BENIGN,target,5.04500039756298,0.04486314440170494,0.04773027667606046,62
BENIGN,target,5.255000424981116,0.03842683499201953,0.042793385217025116,62
BENIGN,target,5.465000452399253,0.03538864768496776,0.03783446747866722,62
BENIGN,target,5.67500047981739,0.03441490427935271,0.0365782742630453,62
BENIGN,target,5.885000507235526,0.03187985733564641,0.03704172808907365,62
BENIGN,target,6.095000534653662,0.03213945986988376,0.03468725588243219,62
BENIGN,target,6.3050005620717995,0.0309868076181102,0.032965848385324424,62
BENIGN,target,6.515000589489936,0.02612851805148584,0.030833961831942105,62
BENIGN,target,6.725000616908073,0.016656253039770606,0.018437297993078954,62
BENIGN,target,6.935000644326209,0.016656253039770565,0.018437297993078958,62
BENIGN,target,7.145000671744345,0.02670197684135786,0.02960909172989787,62
BENIGN,target,7.355000699162482,0.025900985991730074,0.03335915529989555,62
BENIGN,target,7.565000726580618,0.02554319371573478,0.030320798504160893,62
BENIGN,target,7.775000753998755,0.03079675784169226,0.03415588215387992,62
BENIGN,target,7.9850007814168915,0.02609353210273502,0.031083019685187098,62
BENIGN,target,8.19500080883503,0.02998886337309627,0.031954970023677275,62
BENIGN,target,8.405000836253166,0.03298754104205348,0.036205851189390556,62
BENIGN,target,8.615000863671302,0.03467544028595813,0.040883174739923124,62
BENIGN,target,8.825000891089438,0.03576694578672652,0.04385423020095254,62
BENIGN,target,9.035000918507574,0.04440146422558176,0.04941761526965891,62
BENIGN,target,9.24500094592571,0.04159308003810552,0.044504816496237797,62
BENIGN,target,9.455000973343846,0.050218611030972124,0.05255525023868603,62
BENIGN,target,9.665001000761984,0.05350371105623565,0.053280686529173664,62
BENIGN,target,9.87500102818012,0.048783729930321776,0.0540267011623855,62
BENIGN,target,10.085001055598259,0.06092546704722156,0.06484287923443104,62
BENIGN,target,10.295001083016395,0.05814960490920043,0.0640469567185639,62
BENIGN,target,10.50500111043453,0.06584763226522052,0.07295323481365977,62
BENIGN,target,10.715001137852667,0.07257400372821007,0.07852151130694833,62
BENIGN,target,10.925001165270803,0.0800632766728905,0.09101527515078527,62
BENIGN,target,11.13500119268894,0.0857671323491081,0.09421723248204411,62
BENIGN,target,11.345001220107077,0.08206933477332176,0.09821453890091958,62
BENIGN,target,11.555001247525214,0.09601745695687244,0.11264468782873048,62
BENIGN,target,11.76500127494335,0.10766716639335622,0.12179193953839743,62
BENIGN,target,11.975001302361486,0.10928908476324728,0.13753065063295916,62
BENIGN,target,12.185001329779622,0.12529672280165532,0.14950469211492537,62
BENIGN,target,12.39500135719776,0.13448529039485635,0.16806197625391867,62
BENIGN,target,12.605001384615896,0.13390475007801572,0.17718127718694598,62
BENIGN,target,12.815001412034032,0.14404105311190196,0.18825633870548683,62
BENIGN,target,13.025001439452168,0.1500590656572591,0.20857856883342143,62
BENIGN,target,13.235001466870306,0.17084953268602668,0.2181807450086147,62
BENIGN,target,13.445001494288443,0.16010675078746972,0.216196529515444,62
BENIGN,target,13.655001521706579,0.16096999945776574,0.2257149393472439,62
BENIGN,target,13.865001549124715,0.16351038054344214,0.22372038477801,62
BENIGN,target,14.075001576542851,0.14083987065391085,0.21809805649198666,62
BENIGN,target,14.285001603960989,0.1524982547493676,0.21079740577200262,62
BENIGN,target,14.495001631379125,0.16913793293907714,0.2044533216000762,62
BENIGN,target,14.705001658797261,0.13930113674291783,0.19418053249231812,62
BENIGN,target,14.915001686215398,0.12782013603442244,0.17294969081829423,62
BENIGN,target,15.125001713633536,0.1173282603290633,0.16516891437412728,62
BENIGN,target,15.335001741051672,0.1221324866821166,0.1481608369803133,62
BENIGN,target,15.545001768469808,0.10513309684921518,0.13172249044642917,62
BENIGN,target,15.755001795887944,0.10188592322402515,0.1319542840517233,62
BENIGN,target,15.96500182330608,0.08685351040417313,0.1074812437523832,62
BENIGN,target,16.175001850724218,0.08185027422995231,0.09503294617530311,62
BENIGN,target,16.385001878142354,0.08660951924910855,0.08879540698226551,62
BENIGN,target,16.59500190556049,0.0710374816426993,0.08797011395857716,62
BENIGN,target,16.805001932978627,0.07019615012909856,0.0804562014045143,62
BENIGN,target,17.015001960396766,0.06617558582911998,0.08735347644730958,62
BENIGN,target,17.2250019878149,0.06866082726193376,0.08446233154111035,62
BENIGN,target,17.43500201523304,0.07507290798114089,0.09137932551120734,62
BENIGN,target,17.64500204265117,0.0825001477735045,0.09998782581457638,62
BENIGN,target,17.85500207006931,0.0783074604041646,0.09621248508993809,62
BENIGN,target,18.065002097487447,0.07688613516605432,0.09815833786251717,62
BENIGN,target,18.275002124905583,0.08985788834446445,0.10523318853211809,62
BENIGN,target,18.485002152323723,0.09429211937896023,0.11245853325538506,62
BENIGN,target,18.695002179741856,0.08593148227692637,0.11162482879461073,62
BENIGN,target,18.905002207159995,0.09207616490117271,0.11931895211137106,62
BENIGN,target,19.115002234578128,0.0796429849830344,0.11864531545308048,62
BENIGN,target,19.325002261996268,0.08370539238964714,0.11403792032062256,62
BENIGN,target,19.5350022894144,0.08839070259268536,0.122496332832545,62
BENIGN,target,19.74500231683254,0.10390710857447967,0.12952503703055657,62
BENIGN,target,19.955002344250673,0.0986115854831281,0.12968321122681126,62
BENIGN,target,20.165002371668812,0.09214326599248965,0.12999513825180176,62
BENIGN,target,20.375002399086952,0.09173367269313155,0.12751888241754009,62
BENIGN,target,20.585002426505085,0.10516680807095452,0.1352546954023303,62
BENIGN,target,20.795002453923225,0.10037660071780288,0.13988159898354918,62
BENIGN,target,21.005002481341357,0.09229306692361802,0.1331847749061889,62
BENIGN,target,21.215002508759497,0.10158593043020672,0.13288722579514503,62
BENIGN,target,21.42500253617763,0.10239682294676172,0.13617767910028125,62
BENIGN,target,21.63500256359577,0.09664129580711578,0.12828892084538532,62
BENIGN,target,21.845002591013902,0.09966434651371386,0.13035700587576055,62
BENIGN,target,22.05500261843204,0.08073755413559142,0.1241558223052042,62
BENIGN,target,22.265002645850174,0.08927322520449002,0.12319847222273501,62
BENIGN,target,22.475002673268314,0.07571282751952185,0.1145064505382422,62
BENIGN,target,22.685002700686454,0.08926479013111202,0.12362702966464717,62
BENIGN,target,22.89500272810459,0.0936193788205544,0.1228487078403141,62
CANCER,contralateral,2.105000013709068,0.07226624376857697,0.07953930818760777,53
CANCER,contralateral,2.3150000411272047,0.07782528614043983,0.08004654533000821,53
CANCER,contralateral,2.5250000685453413,0.07963005068505129,0.08282456174721001,53
CANCER,contralateral,2.7350000959634775,0.0800782355728015,0.08381381978892663,53
CANCER,contralateral,2.9450001233816145,0.08671915546839383,0.08355378886068578,53
CANCER,contralateral,3.1550001507997507,0.09647439308630817,0.08913849178182388,53
CANCER,contralateral,3.3650001782178873,0.06474753003532421,0.0682136939503963,53
CANCER,contralateral,3.575000205636024,0.06397143283316094,0.06973327667736069,53
CANCER,contralateral,3.7850002330541606,0.0551293814650692,0.061076470969198084,53
CANCER,contralateral,3.995000260472297,0.050878955479582356,0.054782889210623575,53
CANCER,contralateral,4.205000287890433,0.04855528215472132,0.054183054033631654,53
CANCER,contralateral,4.41500031530857,0.05198972252385473,0.050062189344877675,53
CANCER,contralateral,4.625000342726707,0.04968550895349541,0.054428745382261015,53
CANCER,contralateral,4.835000370144844,0.038420828452579846,0.04361137817053363,53
CANCER,contralateral,5.04500039756298,0.03852284268008707,0.04719972401609843,53
CANCER,contralateral,5.255000424981116,0.039416629880748115,0.041526503650969014,53
CANCER,contralateral,5.465000452399253,0.035019582682155465,0.03819245545347967,53
CANCER,contralateral,5.67500047981739,0.0301050698479124,0.03345485682770677,53
CANCER,contralateral,5.885000507235526,0.024532156074608853,0.030872954232098446,53
CANCER,contralateral,6.095000534653662,0.029514954696100507,0.032011517818410724,53
CANCER,contralateral,6.3050005620717995,0.028455132918570526,0.03165469454630378,53
CANCER,contralateral,6.515000589489936,0.029150803988184728,0.03410970088163199,53
CANCER,contralateral,6.725000616908073,0.013238609213849655,0.015345962307119144,53
CANCER,contralateral,6.935000644326209,0.013238609213849574,0.015345962307119147,53
CANCER,contralateral,7.145000671744345,0.028037771972272262,0.03200763107861594,53
CANCER,contralateral,7.355000699162482,0.025733390318937163,0.03401722590322026,53
CANCER,contralateral,7.565000726580618,0.028744922425809897,0.0321881550323597,53
CANCER,contralateral,7.775000753998755,0.029698972017162557,0.033898071148077184,53
CANCER,contralateral,7.9850007814168915,0.030060081686874088,0.033890528446206755,53
CANCER,contralateral,8.19500080883503,0.033282662005734015,0.03544063953504142,53
CANCER,contralateral,8.405000836253166,0.03701331675613752,0.03974617120140592,53
CANCER,contralateral,8.615000863671302,0.034310637801053624,0.037093346633900286,53
CANCER,contralateral,8.825000891089438,0.03848625037346644,0.042121042546403996,53
CANCER,contralateral,9.035000918507574,0.03443073466811723,0.041048280505644075,53
CANCER,contralateral,9.24500094592571,0.04679799853174277,0.04468285593946539,53
CANCER,contralateral,9.455000973343846,0.04579365258417973,0.049195638046236535,53
CANCER,contralateral,9.665001000761984,0.044894511854180724,0.04811589694100095,53
CANCER,contralateral,9.87500102818012,0.05200305189252021,0.05561497499945402,53
CANCER,contralateral,10.085001055598259,0.057690471521254165,0.059786532854683945,53
CANCER,contralateral,10.295001083016395,0.056189200179053246,0.05899706985571858,53
CANCER,contralateral,10.50500111043453,0.06296870594671951,0.06983601831176416,53
CANCER,contralateral,10.715001137852667,0.07129928144061107,0.07972345536845302,53
CANCER,contralateral,10.925001165270803,0.08439530232453922,0.08682780049184641,53
CANCER,contralateral,11.13500119268894,0.08315954395273124,0.09272166423702517,53
CANCER,contralateral,11.345001220107077,0.1031149472095623,0.10433217010907828,53
CANCER,contralateral,11.555001247525214,0.09796890433502603,0.11413959276265002,53
CANCER,contralateral,11.76500127494335,0.10642870110537625,0.12431378564425088,53
CANCER,contralateral,11.975001302361486,0.11526484695347071,0.14187782426679935,53
CANCER,contralateral,12.185001329779622,0.12487635798278517,0.15127452002056546,53
CANCER,contralateral,12.39500135719776,0.15418645750543294,0.17706519836129608,53
CANCER,contralateral,12.605001384615896,0.1469896843516349,0.18174796307464744,53
CANCER,contralateral,12.815001412034032,0.16922088456162915,0.19622196498671934,53
CANCER,contralateral,13.025001439452168,0.17391411631211431,0.20414302494812592,53
CANCER,contralateral,13.235001466870306,0.1846622017826523,0.22216508554354902,53
CANCER,contralateral,13.445001494288443,0.18236218292718162,0.22378223750415632,53
CANCER,contralateral,13.655001521706579,0.1764287347883401,0.22354408512097024,53
CANCER,contralateral,13.865001549124715,0.1858765161047732,0.22820772442171622,53
CANCER,contralateral,14.075001576542851,0.19274292593877163,0.2284185929487382,53
CANCER,contralateral,14.285001603960989,0.2007570714404613,0.21880764141325287,53
CANCER,contralateral,14.495001631379125,0.18282106115722732,0.19803044997372124,53
CANCER,contralateral,14.705001658797261,0.18681680203865644,0.18476943277823632,53
CANCER,contralateral,14.915001686215398,0.1417025846772092,0.16900514044083825,53
CANCER,contralateral,15.125001713633536,0.13445902027986334,0.15752333482430617,53
CANCER,contralateral,15.335001741051672,0.130648331559434,0.14566514728525726,53
CANCER,contralateral,15.545001768469808,0.12045147621275684,0.13056866282549792,53
CANCER,contralateral,15.755001795887944,0.1104216331850577,0.11744230380640427,53
CANCER,contralateral,15.96500182330608,0.10733798948411087,0.10421794398377456,53
CANCER,contralateral,16.175001850724218,0.09510402492362818,0.10190192699640317,53
CANCER,contralateral,16.385001878142354,0.07441278555978927,0.08680039466959037,53
CANCER,contralateral,16.59500190556049,0.07666610693373399,0.09001656977730871,53
CANCER,contralateral,16.805001932978627,0.06787440552424107,0.07981659119053866,53
CANCER,contralateral,17.015001960396766,0.07109854019589103,0.08304317078637152,53
CANCER,contralateral,17.2250019878149,0.07805657097760099,0.0892598648033413,53
CANCER,contralateral,17.43500201523304,0.06362665604802098,0.08645939213792848,53
CANCER,contralateral,17.64500204265117,0.06922977130249422,0.08541776680987502,53
CANCER,contralateral,17.85500207006931,0.08039136656578211,0.09137755639881621,53
CANCER,contralateral,18.065002097487447,0.07547355698274007,0.09745109656081986,53
CANCER,contralateral,18.275002124905583,0.08033511392375683,0.10244439565656885,53
CANCER,contralateral,18.485002152323723,0.08663224538802616,0.09486966971006199,53
CANCER,contralateral,18.695002179741856,0.0955020665394865,0.10661741674518607,53
CANCER,contralateral,18.905002207159995,0.08422418023065846,0.11132280386248367,53
CANCER,contralateral,19.115002234578128,0.07912093081587987,0.1078239777474411,53
CANCER,contralateral,19.325002261996268,0.0786653343081689,0.112346136069909,53
CANCER,contralateral,19.5350022894144,0.11352599948513595,0.12004532708730836,53
CANCER,contralateral,19.74500231683254,0.1053623997601386,0.11940449795667661,53
CANCER,contralateral,19.955002344250673,0.09159027384612559,0.1107163945264224,53
CANCER,contralateral,20.165002371668812,0.11523545902322552,0.12039227405335641,53
CANCER,contralateral,20.375002399086952,0.09822719257539453,0.12428826675536278,53
CANCER,contralateral,20.585002426505085,0.0831231273454865,0.12169344423698711,53
CANCER,contralateral,20.795002453923225,0.11653302704668805,0.12100620762074464,53
CANCER,contralateral,21.005002481341357,0.09433715553524598,0.12130587048027716,53
CANCER,contralateral,21.215002508759497,0.10664077844524711,0.12795830993194113,53
CANCER,contralateral,21.42500253617763,0.10529501420635952,0.12946677743980206,53
CANCER,contralateral,21.63500256359577,0.10143819954924015,0.12239483311934751,53
CANCER,contralateral,21.845002591013902,0.09908177303516302,0.12772835647440056,53
CANCER,contralateral,22.05500261843204,0.09942067804353195,0.12149280792578433,53
CANCER,contralateral,22.265002645850174,0.12843179979648683,0.12575454481966494,53
CANCER,contralateral,22.475002673268314,0.10695404375918441,0.11817539135292794,53
CANCER,contralateral,22.685002700686454,0.09509010176036968,0.11006565643301204,53
CANCER,contralateral,22.89500272810459,0.09260756818256638,0.11498861751523226,53
CANCER,target,2.105000013709068,0.07609558664909678,0.09343143997908988,53
CANCER,target,2.3150000411272047,0.08675747869154767,0.10165504096229613,53
CANCER,target,2.5250000685453413,0.09572932780569582,0.10315971311729574,53
CANCER,target,2.7350000959634775,0.08710063966464718,0.10222489127964612,53
CANCER,target,2.9450001233816145,0.08237619795774698,0.09642184884858843,53
CANCER,target,3.1550001507997507,0.07538418022151526,0.08835010667012527,53
CANCER,target,3.3650001782178873,0.07022805624293747,0.08104933460766349,53
CANCER,target,3.575000205636024,0.07525008073702619,0.07773874010831607,53
CANCER,target,3.7850002330541606,0.06667214200216565,0.07182542308406133,53
CANCER,target,3.995000260472297,0.05596042459226144,0.06294473906050009,53
CANCER,target,4.205000287890433,0.04722264066326354,0.05686261294060054,53
CANCER,target,4.41500031530857,0.0473595349521845,0.054437680680281986,53
CANCER,target,4.625000342726707,0.042009222407600584,0.04707984950212646,53
CANCER,target,4.835000370144844,0.04040348543775423,0.0487967978350223,53
CANCER,target,5.04500039756298,0.03853583691690716,0.040877920137823265,53
CANCER,target,5.255000424981116,0.03585001505882476,0.038648321352479885,53
CANCER,target,5.465000452399253,0.03468492773569144,0.039157572287488854,53
CANCER,target,5.67500047981739,0.035740149968920526,0.03802113861433948,53
CANCER,target,5.885000507235526,0.027378741458441217,0.033101570675383274,53
CANCER,target,6.095000534653662,0.03364989737482041,0.03558350055949189,53
CANCER,target,6.3050005620717995,0.03222055120483659,0.038941340438847505,53
CANCER,target,6.515000589489936,0.031292544171835406,0.03502952499812551,53
CANCER,target,6.725000616908073,0.014552304160521041,0.01820140651339936,53
CANCER,target,6.935000644326209,0.014552304160521072,0.018201406513399358,53
CANCER,target,7.145000671744345,0.03123906111564107,0.035505636565378404,53
CANCER,target,7.355000699162482,0.0298655367735521,0.036745162143874875,53
CANCER,target,7.565000726580618,0.029077803545536882,0.03668001834092033,53
CANCER,target,7.775000753998755,0.03280617677936986,0.03919357648787396,53
CANCER,target,7.9850007814168915,0.032454474779748756,0.03405995752438591,53
CANCER,target,8.19500080883503,0.03143842756147882,0.03734509926196444,53
CANCER,target,8.405000836253166,0.02899257649699282,0.03826296179381863,53
CANCER,target,8.615000863671302,0.038198870325609716,0.042374826985736885,53
CANCER,target,8.825000891089438,0.036325387917916015,0.04290247650265433,53
CANCER,target,9.035000918507574,0.04085303031501052,0.04475917093235572,53
CANCER,target,9.24500094592571,0.04017330251953973,0.045494862623374654,53
CANCER,target,9.455000973343846,0.040426413041780344,0.04710113648300157,53
CANCER,target,9.665001000761984,0.05695078762940899,0.06034639195745996,53
CANCER,target,9.87500102818012,0.05506553894263002,0.059466203943575185,53
CANCER,target,10.085001055598259,0.057969194525511095,0.06303588432631616,53
CANCER,target,10.295001083016395,0.055617550885262594,0.06185653091502124,53
CANCER,target,10.50500111043453,0.06426502425388607,0.06748425159255476,53
CANCER,target,10.715001137852667,0.0728018618198099,0.07898544056786826,53
CANCER,target,10.925001165270803,0.07544945826453976,0.08436937486928674,53
CANCER,target,11.13500119268894,0.08874561317577642,0.09509290530414775,53
CANCER,target,11.345001220107077,0.10599504050748676,0.11603516342091337,53
CANCER,target,11.555001247525214,0.10895016752517658,0.12075751693935127,53
CANCER,target,11.76500127494335,0.10651630884530397,0.12751774307474933,53
CANCER,target,11.975001302361486,0.11728508105363286,0.1415253764802213,53
CANCER,target,12.185001329779622,0.11958965634718693,0.15231131123052188,53
CANCER,target,12.39500135719776,0.15205717981269543,0.16562799067666628,53
CANCER,target,12.605001384615896,0.1416307166557368,0.16842886053495304,53
CANCER,target,12.815001412034032,0.16067906568037627,0.18789393104539895,53
CANCER,target,13.025001439452168,0.15830833518601045,0.20317204847085843,53
CANCER,target,13.235001466870306,0.18548992128504205,0.2138756224500607,53
CANCER,target,13.445001494288443,0.13787968469465187,0.20291140160151094,53
CANCER,target,13.655001521706579,0.1717496557453341,0.21841771981154165,53
CANCER,target,13.865001549124715,0.17290667196980222,0.21891710559674563,53
CANCER,target,14.075001576542851,0.1792273476550485,0.2165330545828565,53
CANCER,target,14.285001603960989,0.1672628776218619,0.20175145557476526,53
CANCER,target,14.495001631379125,0.15565284776427324,0.1864251810158804,53
CANCER,target,14.705001658797261,0.14732686370501205,0.17816831235311054,53
CANCER,target,14.915001686215398,0.13872675704612727,0.1709676091386447,53
CANCER,target,15.125001713633536,0.13473575490338857,0.1524495682125982,53
CANCER,target,15.335001741051672,0.12306882408698261,0.1369533815669671,53
CANCER,target,15.545001768469808,0.113241067488553,0.12868213110793048,53
CANCER,target,15.755001795887944,0.10176988878479527,0.12086796925830678,53
CANCER,target,15.96500182330608,0.09281462311552424,0.10546201570573943,53
CANCER,target,16.175001850724218,0.08960306435349326,0.10372806983342923,53
CANCER,target,16.385001878142354,0.09902289750827517,0.10812273336607825,53
CANCER,target,16.59500190556049,0.08673961836845641,0.10233453393507046,53
CANCER,target,16.805001932978627,0.07078390418540864,0.08434008843121323,53
CANCER,target,17.015001960396766,0.06869278699334136,0.09701698257854531,53
CANCER,target,17.2250019878149,0.07643618108972555,0.09325707554271669,53
CANCER,target,17.43500201523304,0.07104665616714023,0.09023453903929837,53
CANCER,target,17.64500204265117,0.07950554125129557,0.10357255254363316,53
CANCER,target,17.85500207006931,0.0774939982149086,0.09691643816037347,53
CANCER,target,18.065002097487447,0.08948566360708958,0.10398330018042741,53
CANCER,target,18.275002124905583,0.09031771556661328,0.10878532549071537,53
CANCER,target,18.485002152323723,0.10323543404657785,0.11622159682712631,53
CANCER,target,18.695002179741856,0.10422313319066197,0.11206738760287009,53
CANCER,target,18.905002207159995,0.10711796162245932,0.11665852756302839,53
CANCER,target,19.115002234578128,0.08730250017864778,0.11127222838980225,53
CANCER,target,19.325002261996268,0.09724722664356286,0.11941852974252197,53
CANCER,target,19.5350022894144,0.09559691682995212,0.12221026758124565,53
CANCER,target,19.74500231683254,0.10494057378002213,0.11878709338798658,53
CANCER,target,19.955002344250673,0.09142690894670964,0.11992777857750676,53
CANCER,target,20.165002371668812,0.0985765332764282,0.11801199739404744,53
CANCER,target,20.375002399086952,0.0989617500656331,0.12902279250891527,53
CANCER,target,20.585002426505085,0.10076130485572744,0.1278708119059069,53
CANCER,target,20.795002453923225,0.10741805093634436,0.12400476042936796,53
CANCER,target,21.005002481341357,0.11418819980967461,0.13189128953177737,53
CANCER,target,21.215002508759497,0.12763495569675773,0.13489804092821636,53
CANCER,target,21.42500253617763,0.11052499489614326,0.13471734323609047,53
CANCER,target,21.63500256359577,0.11701859388047076,0.13233493502502944,53
CANCER,target,21.845002591013902,0.10981307300649791,0.12350817181474297,53
CANCER,target,22.05500261843204,0.10598856799693254,0.12001315236990512,53
CANCER,target,22.265002645850174,0.10165712315096452,0.12511494849069202,53
CANCER,target,22.475002673268314,0.09187949712650802,0.12651601353150177,53
CANCER,target,22.685002700686454,0.0904339801542478,0.1172298768997889,53
CANCER,target,22.89500272810459,0.0946263156754309,0.11944354376539602,53
