split_id,model_name,ablation,delta_roc_auc,delta_pr_auc,delta_brier_score,delta_log_loss,delta_sensitivity,delta_specificity,delta_balanced_accuracy
0,current_architecture_oof_retrained,current_architecture_oof_retrained,0.007407407407407418,0.046467576249790365,-0.019730535428648416,-0.10286853861878409,0.06666666666666676,-0.22222222222222224,-0.07777777777777778
1,current_architecture_oof_retrained,current_architecture_oof_retrained,0.039999999999999925,-0.04482193971257098,-0.022073222284997557,-0.04783585916422106,0.1333333333333333,-0.3,-0.08333333333333337
2,current_architecture_oof_retrained,current_architecture_oof_retrained,0.031746031746031744,-0.0018054475849595963,-0.02280199074638814,-0.05819317513087863,0.0,0.14285714285714285,0.0714285714285714
3,current_architecture_oof_retrained,current_architecture_oof_retrained,0.04276315789473695,-0.0015056651121637676,-0.04385340849701155,-0.1112473497968206,0.0625,-0.05263157894736842,0.004934210526315819
4,current_architecture_oof_retrained,current_architecture_oof_retrained,0.05396825396825389,0.08908670990849993,-0.05347536385365356,-0.1526754179220986,0.20000000000000007,-0.23809523809523814,-0.01904761904761909
5,current_architecture_oof_retrained,current_architecture_oof_retrained,0.1393939393939393,0.125170876020194,-0.07919825244881398,-0.2369971885577984,0.19999999999999996,-0.13636363636363635,0.03181818181818186
6,current_architecture_oof_retrained,current_architecture_oof_retrained,-0.00328947368421062,0.05976190597901132,-0.02125096923540229,-0.06727778672138418,0.0,-0.10526315789473684,-0.05263157894736836
7,current_architecture_oof_retrained,current_architecture_oof_retrained,-0.15333333333333343,-0.14320132050311318,0.05105921524330795,0.11291524956728272,0.1333333333333333,-0.4,-0.1333333333333333
8,current_architecture_oof_retrained,current_architecture_oof_retrained,0.06666666666666665,0.004555755972422637,-0.03282984487696161,-0.08192070830353171,0.1333333333333333,-0.05000000000000002,0.04166666666666663
9,current_architecture_oof_retrained,current_architecture_oof_retrained,0.08888888888888902,0.032668048560870355,-0.02712446874412136,-0.0679280038787008,0.4,-0.5555555555555556,-0.07777777777777772
10,current_architecture_oof_retrained,current_architecture_oof_retrained,0.025396825396825418,-0.019294107294956175,-0.007645675411802333,-0.02467237603659156,0.1333333333333333,0.0,0.06666666666666665
11,current_architecture_oof_retrained,current_architecture_oof_retrained,0.03809523809523818,0.005864827140590001,-0.03370581443666007,-0.10522708603072584,0.20000000000000007,-0.047619047619047616,0.07619047619047625
12,current_architecture_oof_retrained,current_architecture_oof_retrained,0.10526315789473695,0.11095409674293666,-0.034898852464365276,-0.0924365423572725,0.1875,-0.2631578947368421,-0.03782894736842102
13,current_architecture_oof_retrained,current_architecture_oof_retrained,0.033333333333333326,-0.023943870373042908,-0.029278526590457127,-0.07968992565082966,0.1333333333333333,-0.050000000000000044,0.04166666666666652
14,current_architecture_oof_retrained,current_architecture_oof_retrained,0.0444444444444444,0.06811661244030198,-0.0069512114787090296,-0.007251486504695204,0.06666666666666665,-0.1111111111111111,-0.022222222222222143
15,current_architecture_oof_retrained,current_architecture_oof_retrained,0.1266666666666666,0.1536285168669736,-0.05432700344756891,-0.14154071048891181,0.19999999999999996,-0.4,-0.09999999999999998
16,current_architecture_oof_retrained,current_architecture_oof_retrained,-0.2433333333333333,-0.23423827906330041,0.06561987574356642,0.12571108258825758,-0.13333333333333341,-0.35000000000000003,-0.2416666666666667
17,current_architecture_oof_retrained,current_architecture_oof_retrained,0.049342105263157965,-0.05662806773849072,-0.05763444487142741,-0.1396498496296591,0.3125,-0.10526315789473684,0.10361842105263153
18,current_architecture_oof_retrained,current_architecture_oof_retrained,0.06000000000000005,-0.017788094968401835,-0.025402908709284938,-0.04941458851273173,0.0,-0.04999999999999999,-0.025000000000000022
19,current_architecture_oof_retrained,current_architecture_oof_retrained,0.12,0.08411724937360132,-0.054368356989850486,-0.15761331363908648,0.2666666666666667,-0.35,-0.04166666666666663
20,current_architecture_oof_retrained,current_architecture_oof_retrained,-0.14035087719298245,-0.16981594479032802,0.05650499295481204,0.10112335545826168,-0.06666666666666676,-0.15789473684210525,-0.11228070175438598
21,current_architecture_oof_retrained,current_architecture_oof_retrained,0.08571428571428563,0.1292409675409213,-0.031085539600371248,-0.09393484201114488,0.2666666666666667,-0.23809523809523808,0.014285714285714346
22,current_architecture_oof_retrained,current_architecture_oof_retrained,0.13194444444444442,0.2229311053082338,-0.051564552167146144,-0.13620928444792402,0.0625,-0.11111111111111116,-0.02430555555555558
23,current_architecture_oof_retrained,current_architecture_oof_retrained,-0.046666666666666634,-0.10180614110474262,0.003477961120794598,0.016973315811057432,0.19999999999999996,-0.3,-0.04999999999999993
24,current_architecture_oof_retrained,current_architecture_oof_retrained,0.1428571428571428,0.18646034800147882,-0.03674766080171085,-0.07656859731409338,0.06666666666666665,-0.19047619047619047,-0.06190476190476191
25,current_architecture_oof_retrained,current_architecture_oof_retrained,0.025925925925925908,-0.0435557911993919,-0.003973651248636023,-0.011375710404014971,0.1333333333333333,-0.5,-0.18333333333333335
26,current_architecture_oof_retrained,current_architecture_oof_retrained,0.003030303030303161,-0.03573509823509824,-0.016231290122900255,-0.046336640024941644,0.1333333333333333,-0.45454545454545453,-0.16060606060606064
27,current_architecture_oof_retrained,current_architecture_oof_retrained,-0.08333333333333326,-0.07347947935579602,0.026683330626421115,0.057724424126728624,0.125,-0.23809523809523808,-0.05654761904761907
28,current_architecture_oof_retrained,current_architecture_oof_retrained,-0.11851851851851847,-0.11076904999206927,0.016838791898099614,0.023762327902353775,0.06666666666666665,-0.11111111111111113,-0.022222222222222143
29,current_architecture_oof_retrained,current_architecture_oof_retrained,0.19333333333333313,0.2876151812380465,-0.10885091264420246,-0.28438125790239377,0.33333333333333337,-0.25,0.04166666666666663
30,current_architecture_oof_retrained,current_architecture_oof_retrained,0.050000000000000044,0.05670887391475632,-0.023785115338009727,-0.08739141348480761,0.06666666666666665,-0.09999999999999998,-0.01666666666666672
31,current_architecture_oof_retrained,current_architecture_oof_retrained,0.1166666666666667,0.06542658101812349,-0.059334787093262176,-0.1398995102548839,0.20000000000000007,0.04999999999999999,0.125
32,current_architecture_oof_retrained,current_architecture_oof_retrained,0.07272727272727286,0.01991355122727667,-0.042230535995338714,-0.09194322529319987,0.2666666666666667,-0.27272727272727276,-0.00303030303030305
33,current_architecture_oof_retrained,current_architecture_oof_retrained,-0.03157894736842104,0.09469189189138028,0.02546837920137629,0.050852983878582725,0.06666666666666665,-0.10526315789473684,-0.019298245614035148
34,current_architecture_oof_retrained,current_architecture_oof_retrained,0.0625,0.07806871372315977,-0.03433479181684776,-0.0986839733989816,0.0625,-0.05555555555555555,0.00347222222222221
35,current_architecture_oof_retrained,current_architecture_oof_retrained,0.04375000000000007,-0.012948862485408386,-0.03701657666438002,-0.083693011365226,0.125,0.0,0.0625
36,current_architecture_oof_retrained,current_architecture_oof_retrained,0.13636363636363635,0.1836915446120927,-0.062418101290809325,-0.16704359553420955,0.1333333333333333,-0.18181818181818182,-0.024242424242424176
37,current_architecture_oof_retrained,current_architecture_oof_retrained,-0.030000000000000027,-0.09084345008205397,0.009678545129404914,0.0031814357855096675,0.2666666666666667,-0.45,-0.09166666666666667
38,current_architecture_oof_retrained,current_architecture_oof_retrained,0.11481481481481481,0.06534457504798663,-0.0792539329410358,-0.20833612074331342,0.19999999999999996,-0.05555555555555558,0.07222222222222219
39,current_architecture_oof_retrained,current_architecture_oof_retrained,-0.01754385964912275,-0.029078110705561544,-0.015233293028336176,-0.07178613328736327,0.06666666666666665,-0.10526315789473684,-0.019298245614035037
40,current_architecture_oof_retrained,current_architecture_oof_retrained,-0.05714285714285716,0.04119957361005955,0.01502460065256675,0.027177610997929813,0.19999999999999996,-0.47619047619047616,-0.13809523809523805
41,current_architecture_oof_retrained,current_architecture_oof_retrained,0.00952380952380949,-0.027147252552418344,-0.011829421316832706,-0.03900409927295534,0.0,0.0,0.0
42,current_architecture_oof_retrained,current_architecture_oof_retrained,0.03157894736842104,-0.014888012266753292,-0.003347113253177797,-0.013317329471524642,0.20000000000000007,-0.26315789473684215,-0.03157894736842104
43,current_architecture_oof_retrained,current_architecture_oof_retrained,0.010526315789473606,0.02965727414486352,-0.019467954978285962,-0.13443209797107158,0.0,-0.10526315789473684,-0.05263157894736836
44,current_architecture_oof_retrained,current_architecture_oof_retrained,0.15131578947368418,0.17469317954570585,-0.09878137981064683,-0.2675820930818029,0.25,-0.2631578947368421,-0.006578947368421018
45,current_architecture_oof_retrained,current_architecture_oof_retrained,0.10158730158730156,0.13075585751423824,-0.05098471848177957,-0.1644707039399017,0.06666666666666665,-0.047619047619047616,0.00952380952380949
46,current_architecture_oof_retrained,current_architecture_oof_retrained,0.13333333333333341,0.17627912777362315,-0.05874723704041501,-0.15589374522768373,0.06666666666666665,-0.30000000000000004,-0.1166666666666667
47,current_architecture_oof_retrained,current_architecture_oof_retrained,0.09210526315789469,0.05776748340802573,-0.04653509626389732,-0.11241696288340264,0.1875,-0.10526315789473689,0.041118421052631526
48,current_architecture_oof_retrained,current_architecture_oof_retrained,0.024561403508771895,0.052361083128780184,-0.04381792147151875,-0.14372204097411256,0.33333333333333337,-0.3157894736842105,0.00877192982456143
49,current_architecture_oof_retrained,current_architecture_oof_retrained,0.006666666666666599,-0.10789549432392476,-0.028537327059911605,-0.08146313345524003,0.06666666666666665,-0.15000000000000002,-0.04166666666666663
0,recalibrated_joint_additive,calibrated_profile,-0.014814814814814725,-0.0060541939190387195,-0.009306581142543513,-0.07988123568573113,0.20000000000000007,-0.3888888888888889,-0.09444444444444444
1,recalibrated_joint_additive,calibrated_profile,-0.07000000000000006,-0.061598213559155734,0.0083640208709157,0.008332167476817087,0.1333333333333333,-0.5,-0.18333333333333335
2,recalibrated_joint_additive,calibrated_profile,-0.06666666666666665,-0.10749273616256538,-0.008181508314523356,-0.024148315873892656,0.1333333333333333,-0.14285714285714285,-0.004761904761904745
3,recalibrated_joint_additive,calibrated_profile,-0.09210526315789469,-0.11333873388888249,-0.015032941472371025,-0.04581054394221917,0.0625,-0.21052631578947367,-0.07401315789473684
4,recalibrated_joint_additive,calibrated_profile,-0.07301587301587309,-0.06141450661751541,-0.027895769946806925,-0.09707523220153036,0.2666666666666667,-0.33333333333333337,-0.033333333333333326
5,recalibrated_joint_additive,calibrated_profile,-0.06060606060606066,-0.03321156087460431,-0.0357781716829354,-0.14266460091351696,0.06666666666666665,-0.2727272727272727,-0.10303030303030303
6,recalibrated_joint_additive,calibrated_profile,-0.05921052631578949,-0.035459623047033095,-0.0012731502287768592,-0.018118825734144584,0.0,-0.2631578947368421,-0.13157894736842102
7,recalibrated_joint_additive,calibrated_profile,-0.029999999999999916,-0.05283470368122778,0.03335842520163679,0.07888088345577404,0.1333333333333333,-0.2,-0.033333333333333326
8,recalibrated_joint_additive,calibrated_profile,-0.036666666666666514,-0.044763031449305934,-0.02452136293602783,-0.06428035468194226,0.1333333333333333,-0.2,-0.033333333333333326
9,recalibrated_joint_additive,calibrated_profile,-0.0703703703703703,-0.09145223371008271,-0.014819726848938508,-0.06239999706224486,0.4,-0.38888888888888895,0.005555555555555536
10,recalibrated_joint_additive,calibrated_profile,-0.0031746031746031633,-0.03178857193163598,-0.012827963200999215,-0.036205761700410455,0.1333333333333333,-0.047619047619047616,0.042857142857142816
11,recalibrated_joint_additive,calibrated_profile,-0.03174603174603163,0.01876745674701552,-0.026974484733138432,-0.09071749733474666,0.20000000000000007,-0.19047619047619047,0.004761904761904856
12,recalibrated_joint_additive,calibrated_profile,-0.046052631578947234,-0.09542387736136837,0.012155745273662977,0.009426447226333456,0.1875,-0.3157894736842105,-0.06414473684210531
13,recalibrated_joint_additive,calibrated_profile,-0.036666666666666625,-0.06773583835909192,-0.007757725866339382,-0.018818368614027414,0.06666666666666665,-0.30000000000000004,-0.11666666666666675
14,recalibrated_joint_additive,calibrated_profile,-0.05555555555555558,-0.08255915095159949,0.006265234494020472,0.010323853017471851,0.06666666666666665,-0.2222222222222222,-0.07777777777777772
15,recalibrated_joint_additive,calibrated_profile,-0.09999999999999998,-0.06101892394384656,-0.009896303067279955,-0.0480676438286155,0.19999999999999996,-0.35,-0.07500000000000007
16,recalibrated_joint_additive,calibrated_profile,-0.006666666666666599,-0.06241063767150734,0.03015470293628364,0.039368141815551816,0.19999999999999996,-0.55,-0.17500000000000004
17,recalibrated_joint_additive,calibrated_profile,-0.046052631578947345,-0.10223101970922865,-0.04815246639998494,-0.1270546347050755,0.125,-0.15789473684210525,-0.016447368421052655
18,recalibrated_joint_additive,calibrated_profile,-0.030000000000000027,-0.10457343956708731,0.0010202338040381231,0.011486094091928134,0.0,0.0,0.0
19,recalibrated_joint_additive,calibrated_profile,-0.043333333333333335,-0.07623283092323341,-0.02121701970999676,-0.07992718592033665,0.06666666666666676,-0.35,-0.14166666666666666
20,recalibrated_joint_additive,calibrated_profile,0.0736842105263158,0.053159750549394036,-0.0012027701012733982,-0.11419737358263837,0.19999999999999996,-0.3684210526315789,-0.08421052631578951
21,recalibrated_joint_additive,calibrated_profile,-0.04761904761904767,-0.06690135646286938,0.0033334219604755078,-0.015789500277278767,0.2666666666666667,-0.23809523809523808,0.014285714285714346
22,recalibrated_joint_additive,calibrated_profile,-0.07638888888888884,-0.07454466435802604,-0.007661854728694573,-0.04754122731758792,0.125,-0.5,-0.1875
23,recalibrated_joint_additive,calibrated_profile,-0.036666666666666625,-0.09791532169405726,-0.0032965792684916395,-0.003797644439173631,0.19999999999999996,-0.35,-0.07499999999999996
24,recalibrated_joint_additive,calibrated_profile,-0.04761904761904767,-0.025861712415963023,-0.012600169496972485,-0.02729569306989954,0.06666666666666665,-0.23809523809523808,-0.08571428571428574
25,recalibrated_joint_additive,calibrated_profile,-0.029629629629629672,-0.09816228733505228,0.017800000956161022,0.03619949352231422,0.06666666666666665,-0.38888888888888895,-0.1611111111111111
26,recalibrated_joint_additive,calibrated_profile,-0.05454545454545445,-0.08145206409269456,-0.03048384020282882,-0.08330225841967231,0.06666666666666665,-0.09090909090909088,-0.0121212121212122
27,recalibrated_joint_additive,calibrated_profile,0.005952380952381042,0.06908851228283586,0.008582245901318952,0.017953382289856434,0.125,-0.2857142857142857,-0.0803571428571428
28,recalibrated_joint_additive,calibrated_profile,-0.059259259259259234,-0.09013823502787854,0.0023530474378214983,-0.0027332143752358817,0.1333333333333333,-0.2777777777777778,-0.07222222222222219
29,recalibrated_joint_additive,calibrated_profile,-0.09666666666666673,-0.06302572136575435,-0.035566023638924804,-0.1268500274527079,0.33333333333333337,-0.4,-0.033333333333333326
30,recalibrated_joint_additive,calibrated_profile,-0.08666666666666656,-0.09561774232732156,0.00361407679491188,-0.03311862717020564,0.1333333333333333,-0.35,-0.10833333333333339
31,recalibrated_joint_additive,calibrated_profile,-0.05666666666666664,-0.12389288489288486,-0.030284685673600292,-0.07744394380411512,0.2666666666666667,-0.2,0.033333333333333326
32,recalibrated_joint_additive,calibrated_profile,-0.0454545454545453,-0.043325561119221145,-0.02549207763257541,-0.06224288378943199,0.13333333333333341,-0.09090909090909094,0.021212121212121238
33,recalibrated_joint_additive,calibrated_profile,-0.10526315789473684,-0.0537043293400139,0.05081585875392711,0.11202189371741611,0.06666666666666665,-0.42105263157894735,-0.17719298245614046
34,recalibrated_joint_additive,calibrated_profile,-0.04166666666666663,-0.03437856777566445,-0.004261015436061111,-0.02755345809837173,0.0625,-0.1111111111111111,-0.02430555555555558
35,recalibrated_joint_additive,calibrated_profile,-0.0031250000000000444,-0.0335557296838046,-0.0673983139271847,-0.17739626780691486,0.125,-0.1,0.012500000000000067
36,recalibrated_joint_additive,calibrated_profile,-0.024242424242424288,0.005754075885666343,-0.015954537193231366,-0.058587282681322184,0.06666666666666665,-0.3181818181818182,-0.12575757575757573
37,recalibrated_joint_additive,calibrated_profile,-0.07666666666666666,-0.034978565273187656,0.027374220478878414,0.04291111125767544,0.2666666666666667,-0.5,-0.1166666666666667
38,recalibrated_joint_additive,calibrated_profile,-0.051851851851851816,-0.03017122898107316,-0.03763053264124194,-0.1131658721229325,0.1333333333333333,-0.16666666666666669,-0.01666666666666672
39,recalibrated_joint_additive,calibrated_profile,-0.02807017543859658,-0.14577494692797321,-0.011136049603997222,-0.06182899789534946,0.1333333333333333,-0.2631578947368421,-0.06491228070175437
40,recalibrated_joint_additive,calibrated_profile,-0.04761904761904756,-0.04353979200166658,0.018090689474520777,0.03455881769915048,0.0,-0.19047619047619047,-0.09523809523809512
41,recalibrated_joint_additive,calibrated_profile,-0.04761904761904767,-0.08389047152201684,-0.02169750245682628,-0.07137994903723743,0.06666666666666665,-0.23809523809523808,-0.08571428571428574
42,recalibrated_joint_additive,calibrated_profile,-0.038596491228070184,-0.05948410249880842,0.02340282853874584,0.047149080043590086,0.2666666666666667,-0.6842105263157895,-0.2087719298245614
43,recalibrated_joint_additive,calibrated_profile,-0.024561403508772006,-0.07665971717211228,-0.029856097435222134,-0.2609900371218137,0.20000000000000007,-0.3684210526315789,-0.0842105263157894
44,recalibrated_joint_additive,calibrated_profile,0.0164473684210526,-0.01266228177810852,-0.0799358744637329,-0.23536194643554864,0.3125,-0.3157894736842105,-0.00164473684210531
45,recalibrated_joint_additive,calibrated_profile,-0.053968253968254,-0.11113113062709307,0.005787551642396138,-0.01298857552016719,-0.06666666666666676,-0.09523809523809523,-0.08095238095238105
46,recalibrated_joint_additive,calibrated_profile,-0.06333333333333335,-0.03164152074624549,-0.031000706960447516,-0.0976001880774946,0.06666666666666665,-0.4,-0.16666666666666674
47,recalibrated_joint_additive,calibrated_profile,-0.07894736842105265,-0.12338305064111499,-0.0067268457213036925,-0.026618542203617257,0.375,-0.4736842105263158,-0.049342105263157965
48,recalibrated_joint_additive,calibrated_profile,-0.01754385964912286,-0.0016290566084279368,-0.03710628022252993,-0.1248915965554479,0.33333333333333337,-0.42105263157894735,-0.04385964912280693
49,recalibrated_joint_additive,calibrated_profile,-0.040000000000000036,-0.08093679601740045,-0.025680841389493503,-0.09048467223557932,0.06666666666666665,-0.2,-0.06666666666666665
0,recalibrated_joint_additive,profile_age,0.011111111111111183,0.014173789173789086,-0.0264239557988393,-0.10584997608999014,0.13333333333333341,-0.3888888888888889,-0.12777777777777777
1,recalibrated_joint_additive,profile_age,0.023333333333333317,-0.03814726219424025,-0.023310174618109275,-0.05821261029062552,0.1333333333333333,-0.3,-0.08333333333333337
2,recalibrated_joint_additive,profile_age,0.031746031746031744,0.0072240137691946815,-0.01873357141200882,-0.050395181079255336,0.06666666666666665,0.0,0.033333333333333326
3,recalibrated_joint_additive,profile_age,0.0296052631578948,0.02112412840913258,-0.03854414102823395,-0.10120547468609453,0.0625,-0.05263157894736842,0.004934210526315819
4,recalibrated_joint_additive,profile_age,0.06349206349206338,0.0695802656045173,-0.04954502738220884,-0.14346071985069186,0.2666666666666667,-0.28571428571428575,-0.00952380952380949
5,recalibrated_joint_additive,profile_age,0.1454545454545454,0.14889818333445787,-0.08350152507985106,-0.2402390138949273,0.1333333333333333,-0.13636363636363635,-0.0015151515151514694
6,recalibrated_joint_additive,profile_age,0.023026315789473673,0.07489719252652982,-0.030381213962149073,-0.08586052181296877,0.0,0.0,0.0
7,recalibrated_joint_additive,profile_age,-0.033333333333333326,-0.08099346104586747,0.024884783166167684,0.057668343848563675,0.06666666666666665,-0.09999999999999998,-0.016666666666666607
8,recalibrated_joint_additive,profile_age,0.026666666666666727,-0.02038751884646428,-0.026465185473334263,-0.07190197513217522,0.1333333333333333,-0.15000000000000002,-0.008333333333333304
9,recalibrated_joint_additive,profile_age,0.040740740740740744,0.05343486355979854,-0.029923746106226945,-0.0817870545307261,0.19999999999999996,-0.5555555555555556,-0.17777777777777776
10,recalibrated_joint_additive,profile_age,-0.022222222222222254,0.026578033140851498,-0.023547936469325653,-0.05962724848869405,0.1333333333333333,-0.047619047619047616,0.042857142857142816
11,recalibrated_joint_additive,profile_age,0.05396825396825411,0.06103464366259803,-0.04197053511368706,-0.12446876835072618,0.20000000000000007,-0.14285714285714285,0.02857142857142858
12,recalibrated_joint_additive,profile_age,0.11513157894736858,0.11223314764195236,-0.03617605770591828,-0.09801979206334743,0.1875,-0.10526315789473684,0.04111842105263164
13,recalibrated_joint_additive,profile_age,0.043333333333333335,0.014510712112948743,-0.026912234040144617,-0.06359917601800069,0.06666666666666665,-0.15000000000000002,-0.04166666666666674
14,recalibrated_joint_additive,profile_age,-0.014814814814814836,0.02413545777338877,0.0028054214737445182,0.007893677012648537,0.0,-0.1111111111111111,-0.05555555555555558
15,recalibrated_joint_additive,profile_age,0.10999999999999999,0.14173863551882132,-0.04855924948829893,-0.13022896749973878,0.19999999999999996,-0.25,-0.025000000000000022
16,recalibrated_joint_additive,profile_age,-0.19333333333333336,-0.17448117157068566,0.04513824937233213,0.08022120250727671,-0.06666666666666676,-0.30000000000000004,-0.1833333333333334
17,recalibrated_joint_additive,profile_age,0.0296052631578948,-0.07333811374144783,-0.05680183061185837,-0.14594418843294565,0.1875,-0.05263157894736842,0.06743421052631571
18,recalibrated_joint_additive,profile_age,0.14,0.11771742834671906,-0.038476910951765586,-0.07627300118266955,0.0,-0.04999999999999999,-0.025000000000000022
19,recalibrated_joint_additive,profile_age,0.07333333333333325,0.03870301917438135,-0.05258024866023214,-0.14985523301665205,0.20000000000000007,-0.30000000000000004,-0.050000000000000044
20,recalibrated_joint_additive,profile_age,-0.014035087719298178,-0.12257188618105297,-0.006675665021323135,-0.1302137329154036,0.19999999999999996,-0.21052631578947367,-0.0052631578947368585
21,recalibrated_joint_additive,profile_age,0.07619047619047614,0.14671282068388236,-0.0325440776529633,-0.09713519274538174,0.20000000000000007,-0.19047619047619047,0.004761904761904856
22,recalibrated_joint_additive,profile_age,0.08680555555555558,0.19561711840325424,-0.04272110923690617,-0.1129111418852724,-0.0625,-0.05555555555555558,-0.05902777777777779
23,recalibrated_joint_additive,profile_age,-0.04999999999999993,-0.11433279184191958,0.002498476443051456,0.0076216865607607875,0.19999999999999996,-0.24999999999999997,-0.02499999999999991
24,recalibrated_joint_additive,profile_age,0.0888888888888889,0.10131955664961145,-0.0394654578392116,-0.08757759863847603,0.06666666666666665,-0.23809523809523808,-0.08571428571428574
25,recalibrated_joint_additive,profile_age,-0.0037037037037037646,-0.005328709527050002,0.004489223049204877,0.015126810407569358,0.06666666666666665,-0.38888888888888895,-0.1611111111111111
26,recalibrated_joint_additive,profile_age,-0.015151515151515138,-0.06337137344583699,-0.026183972391260274,-0.07483942093543627,0.1333333333333333,-0.18181818181818182,-0.024242424242424288
27,recalibrated_joint_additive,profile_age,0.0714285714285714,0.06006631563320364,-0.023390608620092845,-0.052381196166980115,0.0625,-0.14285714285714285,-0.0401785714285714
28,recalibrated_joint_additive,profile_age,-0.12962962962962954,-0.13662923317842846,0.03385104605594985,0.05993155342965095,0.06666666666666665,-0.05555555555555558,0.005555555555555536
29,recalibrated_joint_additive,profile_age,0.1366666666666665,0.16827769359096134,-0.08946143268578988,-0.241394994957858,0.2666666666666667,-0.2,0.033333333333333326
30,recalibrated_joint_additive,profile_age,0.07000000000000006,0.10255115255115255,-0.029444204238062543,-0.10140886572117802,0.06666666666666665,-0.24999999999999997,-0.09166666666666667
31,recalibrated_joint_additive,profile_age,0.08333333333333337,0.033848506112435395,-0.05412188849484495,-0.13067915475666025,0.2666666666666667,-0.15000000000000002,0.05833333333333335
32,recalibrated_joint_additive,profile_age,0.09090909090909105,0.04270198486629584,-0.05577486178444971,-0.129263439563164,0.20000000000000007,0.0,0.10000000000000009
33,recalibrated_joint_additive,profile_age,-0.05263157894736836,0.07515159071795219,0.026107038175661984,0.05321828680516161,0.06666666666666665,-0.21052631578947367,-0.07192982456140351
34,recalibrated_joint_additive,profile_age,0.02777777777777779,0.04470002732251738,-0.01822947140498654,-0.043748791969801415,0.0,-0.1111111111111111,-0.05555555555555558
35,recalibrated_joint_additive,profile_age,0.12187500000000007,0.07655568061168583,-0.07984501372258235,-0.19991440003821204,0.125,0.04999999999999999,0.08750000000000002
36,recalibrated_joint_additive,profile_age,0.09696969696969693,0.1451668815482139,-0.05259567185973493,-0.14382489706250412,0.06666666666666665,-0.09090909090909094,-0.012121212121212088
37,recalibrated_joint_additive,profile_age,-0.053333333333333344,-0.11757910998408894,0.013105142369261552,0.010911861320092475,0.33333333333333337,-0.55,-0.10833333333333328
38,recalibrated_joint_additive,profile_age,0.10370370370370374,0.07323178043519196,-0.07437087908549017,-0.19863394078097485,0.19999999999999996,-0.1111111111111111,0.0444444444444444
39,recalibrated_joint_additive,profile_age,-0.010526315789473828,-0.02916101589301423,-0.01595236465032157,-0.06748089308830096,0.06666666666666665,-0.05263157894736842,0.007017543859649145
40,recalibrated_joint_additive,profile_age,-0.025396825396825418,0.05605201014947514,0.006114516481121268,0.009185789523422416,0.06666666666666665,-0.2857142857142857,-0.10952380952380947
41,recalibrated_joint_additive,profile_age,0.053968253968254,-0.001538551220829243,-0.024989983974643887,-0.07623222714492639,0.0,0.0,0.0
42,recalibrated_joint_additive,profile_age,0.06666666666666665,0.011458044497260178,0.0011933842692145868,-0.00708571808513514,0.2666666666666667,-0.4736842105263158,-0.10350877192982455
43,recalibrated_joint_additive,profile_age,0.12280701754385959,0.10199304287616973,-0.06481681221244304,-0.33837227818665194,0.20000000000000007,-0.21052631578947367,-0.0052631578947367474
44,recalibrated_joint_additive,profile_age,0.1875,0.1806159426399988,-0.12399352594324725,-0.32670699443506857,0.3125,-0.2631578947368421,0.024671052631578982
45,recalibrated_joint_additive,profile_age,0.05714285714285716,0.09587903640893602,-0.03043505293075749,-0.08944614064771916,0.0,-0.047619047619047616,-0.023809523809523836
46,recalibrated_joint_additive,profile_age,0.15333333333333332,0.23422127467587822,-0.07427367434423884,-0.18892725767126095,0.06666666666666665,-0.30000000000000004,-0.1166666666666667
47,recalibrated_joint_additive,profile_age,0.13157894736842102,0.0756646596350159,-0.0523718739827958,-0.1263411722087876,0.25,-0.21052631578947373,0.019736842105263164
48,recalibrated_joint_additive,profile_age,-0.007017543859649145,0.00024399604229707883,-0.037608793530603674,-0.1332603669200252,0.33333333333333337,-0.2631578947368421,0.03508771929824572
49,recalibrated_joint_additive,profile_age,-0.04000000000000015,-0.15252938439899133,-0.031693239672623996,-0.09985292246870914,0.06666666666666665,-0.15000000000000002,-0.04166666666666663
0,recalibrated_joint_additive,profile_symmetry,-0.02592592592592602,-0.010424104201992468,-0.008962524332345928,-0.07919083168627228,0.20000000000000007,-0.3888888888888889,-0.09444444444444444
1,recalibrated_joint_additive,profile_symmetry,-0.07333333333333336,-0.0658406378015799,0.008301981493936711,0.008196183207602958,0.1333333333333333,-0.5,-0.18333333333333335
2,recalibrated_joint_additive,profile_symmetry,-0.07936507936507942,-0.11284414647891255,-0.007939127309484345,-0.02360765525048769,0.1333333333333333,-0.14285714285714285,-0.004761904761904745
3,recalibrated_joint_additive,profile_symmetry,-0.09868421052631571,-0.11657947462962315,-0.015095689505361803,-0.04593639445505249,0.0625,-0.21052631578947367,-0.07401315789473684
4,recalibrated_joint_additive,profile_symmetry,-0.06984126984126982,-0.05919228439529317,-0.028371243003182667,-0.09816822503659617,0.20000000000000007,-0.28571428571428575,-0.042857142857142816
5,recalibrated_joint_additive,profile_symmetry,-0.06060606060606066,-0.03321156087460431,-0.033804524733207664,-0.1376729345090123,0.06666666666666665,-0.22727272727272727,-0.08030303030303027
6,recalibrated_joint_additive,profile_symmetry,-0.0625,-0.03800601306052842,2.2589415016260883e-05,-0.016013057573145195,0.0,-0.15789473684210525,-0.07894736842105265
7,recalibrated_joint_additive,profile_symmetry,-0.033333333333333326,-0.05523121784244789,0.03346960515147365,0.0791128121818474,0.1333333333333333,-0.2,-0.033333333333333326
8,recalibrated_joint_additive,profile_symmetry,-0.039999999999999925,-0.04339447408074859,-0.024459700832787562,-0.06414479044359456,0.1333333333333333,-0.2,-0.033333333333333326
9,recalibrated_joint_additive,profile_symmetry,-0.062962962962963,-0.08778701004485912,-0.013821231563180714,-0.061119395229378926,0.4666666666666667,-0.44444444444444453,0.011111111111111183
10,recalibrated_joint_additive,profile_symmetry,-0.006349206349206327,-0.03337587351893756,-0.012719487918801065,-0.035968239899945575,0.1333333333333333,-0.047619047619047616,0.042857142857142816
11,recalibrated_joint_additive,profile_symmetry,-0.07619047619047614,-0.030549316757569278,-0.010827598777540415,-0.05169925986649271,0.20000000000000007,-0.19047619047619047,0.004761904761904856
12,recalibrated_joint_additive,profile_symmetry,-0.04934210526315774,-0.09373286004535109,0.012209183616523511,0.009564183352693267,0.1875,-0.3157894736842105,-0.06414473684210531
13,recalibrated_joint_additive,profile_symmetry,-0.06999999999999995,-0.08259257865261149,-0.012248793275683095,-0.0371676091681733,0.06666666666666665,-0.2,-0.06666666666666676
14,recalibrated_joint_additive,profile_symmetry,-0.05555555555555558,-0.08255915095159949,0.006163014310736348,0.010143815147645174,0.06666666666666665,-0.2222222222222222,-0.07777777777777772
15,recalibrated_joint_additive,profile_symmetry,-0.09999999999999998,-0.06101892394384656,-0.011648575322475208,-0.05143611706063911,0.1333333333333333,-0.3,-0.08333333333333337
16,recalibrated_joint_additive,profile_symmetry,-0.27333333333333326,-0.23996229346879344,0.03039344020051643,0.039854353528399056,0.19999999999999996,-0.55,-0.17500000000000004
17,recalibrated_joint_additive,profile_symmetry,-0.05263157894736836,-0.1043026444782218,-0.04622813261262351,-0.1232160378934043,0.25,-0.15789473684210525,0.046052631578947345
18,recalibrated_joint_additive,profile_symmetry,-0.043333333333333335,-0.11198971445911043,0.0012420922822803937,0.011943823928375896,0.0,0.0,0.0
19,recalibrated_joint_additive,profile_symmetry,-0.033333333333333326,-0.06856494325534579,-0.021444102400137638,-0.0804864003428758,0.06666666666666676,-0.35,-0.14166666666666666
20,recalibrated_joint_additive,profile_symmetry,-0.11578947368421055,-0.05350572404731169,0.05144615487024273,0.1728430868190015,-0.06666666666666676,-0.3157894736842105,-0.19122807017543864
21,recalibrated_joint_additive,profile_symmetry,-0.04444444444444451,-0.05579024535175825,0.0032585882874349714,-0.015925361949092665,0.13333333333333341,-0.23809523809523808,-0.052380952380952306
22,recalibrated_joint_additive,profile_symmetry,-0.07986111111111116,-0.07752085483421656,-0.007624510965425602,-0.047489898290650756,0.125,-0.5,-0.1875
23,recalibrated_joint_additive,profile_symmetry,-0.036666666666666625,-0.09791532169405726,-0.0033106853436240258,-0.003823398638562958,0.19999999999999996,-0.35,-0.07499999999999996
24,recalibrated_joint_additive,profile_symmetry,-0.053968253968254,-0.02886416804999764,-0.012366325224488967,-0.026802818635109915,0.06666666666666665,-0.23809523809523808,-0.08571428571428574
25,recalibrated_joint_additive,profile_symmetry,-0.029629629629629672,-0.09816228733505228,0.016787781604154117,0.03418283076354445,0.06666666666666665,-0.38888888888888895,-0.1611111111111111
26,recalibrated_joint_additive,profile_symmetry,-0.051515151515151514,-0.07339386303449358,-0.029965490881074114,-0.08221642562018205,0.06666666666666665,-0.09090909090909088,-0.0121212121212122
27,recalibrated_joint_additive,profile_symmetry,1.1102230246251565e-16,0.06287493419425783,0.009237378163547055,0.01929085072058412,0.125,-0.2857142857142857,-0.0803571428571428
28,recalibrated_joint_additive,profile_symmetry,-0.06666666666666665,-0.09588591871673868,0.002425678452901592,-0.0026092036673542873,0.1333333333333333,-0.2777777777777778,-0.07222222222222219
29,recalibrated_joint_additive,profile_symmetry,-0.09666666666666673,-0.06302572136575435,-0.02983727010205922,-0.11266148684461363,0.33333333333333337,-0.4,-0.033333333333333326
30,recalibrated_joint_additive,profile_symmetry,-0.08666666666666656,-0.09561774232732156,0.0035928745447911525,-0.033181276645937174,0.1333333333333333,-0.35,-0.10833333333333339
31,recalibrated_joint_additive,profile_symmetry,-0.07000000000000006,-0.13932958854011485,-0.030118666468561567,-0.07710489886930727,0.2666666666666667,-0.2,0.033333333333333326
32,recalibrated_joint_additive,profile_symmetry,-0.0454545454545453,-0.043325561119221145,-0.023538185195065786,-0.05730185723633463,0.20000000000000007,-0.18181818181818185,0.00909090909090915
33,recalibrated_joint_additive,profile_symmetry,-0.10175438596491226,-0.020417222684486203,0.05073392449963268,0.111858148278142,0.06666666666666665,-0.42105263157894735,-0.17719298245614046
34,recalibrated_joint_additive,profile_symmetry,-0.04166666666666663,-0.03437856777566445,-0.004428137629668261,-0.028190117533393844,0.0625,-0.1111111111111111,-0.02430555555555558
35,recalibrated_joint_additive,profile_symmetry,-0.09687499999999993,-0.08572235145381718,-0.04401579504474423,-0.1286109898062604,0.125,-0.1,0.012500000000000067
36,recalibrated_joint_additive,profile_symmetry,-0.030303030303030387,0.001952906295023038,-0.01914295566245261,-0.06751344665402725,0.06666666666666665,-0.3181818181818182,-0.12575757575757573
37,recalibrated_joint_additive,profile_symmetry,-0.08333333333333337,-0.05127486156948391,0.027191731148883597,0.04252773294787271,0.2666666666666667,-0.5,-0.1166666666666667
38,recalibrated_joint_additive,profile_symmetry,-0.05555555555555558,-0.03175853056837474,-0.03756425931745505,-0.11309380745405606,0.1333333333333333,-0.16666666666666669,-0.01666666666666672
39,recalibrated_joint_additive,profile_symmetry,-0.03508771929824561,-0.15053545112965394,-0.011097922408097372,-0.06178544998780067,0.1333333333333333,-0.2631578947368421,-0.06491228070175437
40,recalibrated_joint_additive,profile_symmetry,-0.04761904761904756,-0.04353979200166658,0.017985134071344472,0.03432310500365654,0.0,-0.19047619047619047,-0.09523809523809512
41,recalibrated_joint_additive,profile_symmetry,-0.04761904761904767,-0.08513705102946584,-0.02172873688186061,-0.07144802378128501,0.06666666666666665,-0.23809523809523808,-0.08571428571428574
42,recalibrated_joint_additive,profile_symmetry,-0.038596491228070184,-0.05563222973389215,0.02807708415671012,0.0567070210642332,0.2666666666666667,-0.6842105263157895,-0.2087719298245614
43,recalibrated_joint_additive,profile_symmetry,-0.09122807017543877,-0.0986129484550537,0.011929137836655501,-0.05205856510880269,0.0,-0.15789473684210525,-0.0789473684210526
44,recalibrated_joint_additive,profile_symmetry,0.009868421052631526,-0.016680138920965648,-0.07252924949406742,-0.21952998382444477,0.3125,-0.3157894736842105,-0.00164473684210531
45,recalibrated_joint_additive,profile_symmetry,-0.03492063492063502,-0.09837936573230693,0.007891921918913747,-0.006555167852306254,-0.06666666666666676,-0.09523809523809523,-0.08095238095238105
46,recalibrated_joint_additive,profile_symmetry,-0.06666666666666665,-0.03322882233354707,-0.029144406202706197,-0.09389841453801007,0.06666666666666665,-0.4,-0.16666666666666674
47,recalibrated_joint_additive,profile_symmetry,-0.07894736842105265,-0.12217303380609834,-0.006017974726609504,-0.025996013094008674,0.375,-0.4736842105263158,-0.049342105263157965
48,recalibrated_joint_additive,profile_symmetry,-0.024561403508771895,-0.006390961370332682,-0.03710072996741701,-0.12491142928048071,0.33333333333333337,-0.42105263157894735,-0.04385964912280693
49,recalibrated_joint_additive,profile_symmetry,-0.053333333333333455,-0.15271188753886877,-0.03048018664472324,-0.10070476117563187,0.06666666666666665,-0.2,-0.06666666666666665
0,recalibrated_joint_additive,profile_age_symmetry,0.007407407407407418,0.011316646316646306,-0.026313872363526947,-0.10575641784449785,0.13333333333333341,-0.33333333333333337,-0.09999999999999998
1,recalibrated_joint_additive,profile_age_symmetry,0.023333333333333317,-0.03814726219424025,-0.023443726309646945,-0.05847285380221745,0.1333333333333333,-0.3,-0.08333333333333337
2,recalibrated_joint_additive,profile_age_symmetry,0.025396825396825418,0.0037217538326151933,-0.01722801287889686,-0.04777381337970721,0.06666666666666665,0.0,0.033333333333333326
3,recalibrated_joint_additive,profile_age_symmetry,0.023026315789473673,0.011455324990329085,-0.03834982288168162,-0.0998181225089424,0.0625,-0.05263157894736842,0.004934210526315819
4,recalibrated_joint_additive,profile_age_symmetry,0.050793650793650724,0.08785594067773067,-0.05555513822511693,-0.15831570109409787,0.20000000000000007,-0.28571428571428575,-0.042857142857142816
5,recalibrated_joint_additive,profile_age_symmetry,0.14848484848484844,0.15195373889001335,-0.08342533743945499,-0.24033760584832686,0.1333333333333333,-0.13636363636363635,-0.0015151515151514694
6,recalibrated_joint_additive,profile_age_symmetry,0.023026315789473673,0.03389180317876139,-0.030455002400089998,-0.08742688699676127,0.0,-0.05263157894736842,-0.02631578947368418
7,recalibrated_joint_additive,profile_age_symmetry,-0.036666666666666625,-0.08462982468223113,0.024588697061511705,0.05670651629511381,0.1333333333333333,-0.2,-0.033333333333333326
8,recalibrated_joint_additive,profile_age_symmetry,0.026666666666666727,-0.02038751884646428,-0.026472011243780236,-0.07191767755093459,0.1333333333333333,-0.15000000000000002,-0.008333333333333304
9,recalibrated_joint_additive,profile_age_symmetry,0.03333333333333344,0.04723153472489072,-0.029886313546810456,-0.08098139197861143,0.19999999999999996,-0.5555555555555556,-0.17777777777777776
10,recalibrated_joint_additive,profile_age_symmetry,-0.01904761904761909,0.028775835338653688,-0.023417876914286984,-0.05935519019935254,0.1333333333333333,-0.047619047619047616,0.042857142857142816
11,recalibrated_joint_additive,profile_age_symmetry,0.022222222222222254,0.010558146892733156,-0.034650527221322724,-0.10763650694752969,0.2666666666666667,-0.14285714285714285,0.06190476190476202
12,recalibrated_joint_additive,profile_age_symmetry,0.1184210526315791,0.11566721357601828,-0.03946673283318164,-0.10631559949991976,0.1875,-0.10526315789473684,0.04111842105263164
13,recalibrated_joint_additive,profile_age_symmetry,0.05666666666666664,0.023119200451512945,-0.031107746519298457,-0.07536228695848546,0.06666666666666665,-0.050000000000000044,0.008333333333333304
14,recalibrated_joint_additive,profile_age_symmetry,-0.014814814814814836,0.02413545777338877,0.002550589993347424,0.007398818209913727,0.0,-0.1111111111111111,-0.05555555555555558
15,recalibrated_joint_additive,profile_age_symmetry,0.10666666666666658,0.13710900588919167,-0.04852130254521336,-0.13026517216362754,0.19999999999999996,-0.25,-0.025000000000000022
16,recalibrated_joint_additive,profile_age_symmetry,-0.21333333333333326,-0.18138417475419377,0.04501417783546907,0.07993877184280307,-0.06666666666666676,-0.35000000000000003,-0.20833333333333337
17,recalibrated_joint_additive,profile_age_symmetry,0.026315789473684292,-0.07509677175010576,-0.05662277204708058,-0.1456418787943582,0.1875,-0.05263157894736842,0.06743421052631571
18,recalibrated_joint_additive,profile_age_symmetry,0.1333333333333333,0.11825777493969714,-0.037960713850007016,-0.07529129505653698,0.0,-0.04999999999999999,-0.025000000000000022
19,recalibrated_joint_additive,profile_age_symmetry,0.06666666666666665,0.023985980643301152,-0.05000510396670213,-0.14368228719225473,0.20000000000000007,-0.35,-0.07499999999999996
20,recalibrated_joint_additive,profile_age_symmetry,-0.14035087719298245,-0.1616672046415879,0.04298073194790797,0.07689147565838916,-0.06666666666666676,-0.15789473684210525,-0.11228070175438598
21,recalibrated_joint_additive,profile_age_symmetry,0.07301587301587298,0.1426724166434783,-0.032569421100364065,-0.09730398580412258,0.20000000000000007,-0.19047619047619047,0.004761904761904856
22,recalibrated_joint_additive,profile_age_symmetry,0.08680555555555558,0.19561711840325424,-0.042708451403129094,-0.11296363255821917,-0.0625,-0.05555555555555558,-0.05902777777777779
23,recalibrated_joint_additive,profile_age_symmetry,-0.04999999999999993,-0.11471206127153222,-0.0009382964947250716,-0.0009629065491676414,0.19999999999999996,-0.19999999999999998,0.0
24,recalibrated_joint_additive,profile_age_symmetry,0.11111111111111105,0.13056585054273984,-0.04004218054637518,-0.08876878713353054,0.06666666666666665,-0.19047619047619047,-0.06190476190476191
25,recalibrated_joint_additive,profile_age_symmetry,0.0037037037037037646,0.0048367506639857005,0.003262569703932211,0.013033094129124567,0.06666666666666665,-0.38888888888888895,-0.1611111111111111
26,recalibrated_joint_additive,profile_age_symmetry,-0.018181818181818077,-0.0639022060687412,-0.02642393269686885,-0.07602684211888588,0.1333333333333333,-0.18181818181818182,-0.024242424242424288
27,recalibrated_joint_additive,profile_age_symmetry,-0.0892857142857143,-0.1191906025147369,0.033186222936325865,0.07244348295284686,0.0,-0.09523809523809523,-0.04761904761904767
28,recalibrated_joint_additive,profile_age_symmetry,-0.13703703703703707,-0.145127401676597,0.028806093810579136,0.04897508554605945,0.06666666666666665,-0.05555555555555558,0.005555555555555536
29,recalibrated_joint_additive,profile_age_symmetry,0.16333333333333322,0.19679235917993032,-0.09757954568718924,-0.25903559656381636,0.20000000000000007,-0.2,0.0
30,recalibrated_joint_additive,profile_age_symmetry,0.08000000000000007,0.08860858464748411,-0.032913970473670034,-0.10404177152911154,0.06666666666666665,-0.3,-0.1166666666666667
31,recalibrated_joint_additive,profile_age_symmetry,0.10333333333333339,0.06017516475371376,-0.06473171924938417,-0.15344267706251835,0.2666666666666667,-0.1,0.08333333333333337
32,recalibrated_joint_additive,profile_age_symmetry,0.09090909090909105,0.04270198486629584,-0.05562871916137113,-0.1290208695515067,0.20000000000000007,0.0,0.10000000000000009
33,recalibrated_joint_additive,profile_age_symmetry,-0.05263157894736836,0.08694646251282401,0.026183064720007587,0.05331822206180481,0.06666666666666665,-0.21052631578947367,-0.07192982456140351
34,recalibrated_joint_additive,profile_age_symmetry,0.02083333333333326,0.04064730974425795,-0.01761989001702241,-0.04062750599190179,0.0,-0.05555555555555555,-0.02777777777777779
35,recalibrated_joint_additive,profile_age_symmetry,0.028125000000000067,-0.018191880461911114,-0.03853030787807382,-0.09108185391731694,0.125,-0.05000000000000002,0.03749999999999998
36,recalibrated_joint_additive,profile_age_symmetry,0.09696969696969682,0.14356805922358518,-0.05277966711725812,-0.14432896699299003,0.06666666666666665,-0.13636363636363638,-0.034848484848484795
37,recalibrated_joint_additive,profile_age_symmetry,-0.040000000000000036,-0.11120992181694678,0.0075691072719319685,-0.0029346014982430946,0.33333333333333337,-0.5,-0.08333333333333337
38,recalibrated_joint_additive,profile_age_symmetry,0.1074074074074074,0.08774236244577394,-0.07229659723355189,-0.19477318166379964,0.19999999999999996,-0.16666666666666669,0.01666666666666672
39,recalibrated_joint_additive,profile_age_symmetry,-0.010526315789473828,-0.02916101589301423,-0.01611187627817473,-0.06791886894458177,0.06666666666666665,-0.05263157894736842,0.007017543859649145
40,recalibrated_joint_additive,profile_age_symmetry,-0.04761904761904756,0.01885689856092798,0.006139151662410414,0.00837044219320493,0.1333333333333333,-0.2857142857142857,-0.07619047619047614
41,recalibrated_joint_additive,profile_age_symmetry,0.0031746031746031633,-0.0319091573143232,-0.012762515085796705,-0.04377747624205175,0.0,0.0,0.0
42,recalibrated_joint_additive,profile_age_symmetry,0.05263157894736836,-0.018624928085712478,0.0038501169846509586,-0.0020788408118274093,0.2666666666666667,-0.368421052631579,-0.050877192982456076
43,recalibrated_joint_additive,profile_age_symmetry,0.014035087719298178,0.035732365100786145,-0.02325300949450748,-0.16594633324251729,0.0,-0.10526315789473684,-0.05263157894736836
44,recalibrated_joint_additive,profile_age_symmetry,0.1282894736842105,0.1867479988007461,-0.09959566090914229,-0.27306935150826783,0.3125,-0.3157894736842105,-0.00164473684210531
45,recalibrated_joint_additive,profile_age_symmetry,0.05396825396825389,0.10612041683473816,-0.03176833618975011,-0.0873198391832456,0.0,-0.09523809523809523,-0.04761904761904767
46,recalibrated_joint_additive,profile_age_symmetry,0.16666666666666663,0.19721952642413004,-0.07054154244040403,-0.1807000914573459,0.06666666666666665,-0.30000000000000004,-0.1166666666666667
47,recalibrated_joint_additive,profile_age_symmetry,0.1282894736842105,0.07407951470747964,-0.052405881029606444,-0.12637684591921616,0.25,-0.21052631578947373,0.019736842105263164
48,recalibrated_joint_additive,profile_age_symmetry,-0.007017543859649145,0.00024399604229707883,-0.03768847557571525,-0.1334183209056654,0.33333333333333337,-0.2631578947368421,0.03508771929824572
49,recalibrated_joint_additive,profile_age_symmetry,0.013333333333333197,-0.10722980040611085,-0.04093413294881282,-0.11223279683424614,0.06666666666666665,-0.15000000000000002,-0.04166666666666663
