feature,auc_raw,auc_oriented,direction
sk_q15_23_peak,0.6466727716727717,0.6466727716727717,1
sk_ratio_q15_23_to_q10_15_weightedrms,0.6388888888888888,0.6388888888888888,1
sk_logdiff_q15_23_minus_q10_15_weightedrms,0.6378205128205128,0.6378205128205128,1
sk_logdiff_q15_23_minus_q10_15_meanrms,0.6169108669108669,0.6169108669108669,1
sk_q10_15_cosine,0.39285714285714285,0.6071428571428572,-1
sk_q13_16_peak,0.6025641025641025,0.6025641025641025,1
sk_logdiff_q10_15_minus_q06_10_cosine,0.40064102564102566,0.5993589743589743,-1
sk_q10_15_wasserstein,0.4036935286935287,0.5963064713064713,-1
sk_q10_15_weightedrms,0.4043040293040293,0.5956959706959707,-1
sk_q10_15_meanrms,0.405982905982906,0.594017094017094,-1
sk_q13_16_cosine,0.4091880341880342,0.5908119658119658,-1
sk_logdiff_q10_15_minus_q06_10_weightedrms,0.4107142857142857,0.5892857142857143,-1
sk_logdiff_q13_16_minus_q10_15_wasserstein,0.5863858363858363,0.5863858363858363,1
sk_logdiff_q10_15_minus_q06_10_meanrms,0.4142246642246642,0.5857753357753358,-1
sk_ratio_q10_15_to_q06_10_weightedrms,0.4165140415140416,0.5834859584859584,-1
sk_logdiff_q15_23_minus_q10_15_mahalanobis,0.5825702075702076,0.5825702075702076,1
sk_ratio_q15_23_to_q10_15_mahalanobis,0.5815018315018314,0.5815018315018314,1
sk_q02_23_weightedrms,0.42032967032967034,0.5796703296703296,-1
sk_ratio_q13_16_to_q10_15_weightedrms,0.5792124542124542,0.5792124542124542,1
sk_logdiff_q10_15_minus_q06_10_wasserstein,0.42246642246642246,0.5775335775335775,-1
sk_logdiff_q13_16_minus_q10_15_cosine,0.577075702075702,0.577075702075702,1
sk_ratio_q15_23_to_q10_15_meanrms,0.5764652014652014,0.5764652014652014,1
sk_logdiff_q13_16_minus_q10_15_weightedrms,0.5753968253968254,0.5753968253968254,1
sk_logdiff_q13_16_minus_q10_15_meanrms,0.5723443223443224,0.5723443223443224,1
sk_q13_16_sigma_target,0.5709706959706959,0.5709706959706959,1
sk_logdiff_q10_15_minus_q06_10_mahalanobis,0.4293345543345543,0.5706654456654456,-1
sk_ratio_q10_15_to_q06_10_cosine,0.42933455433455436,0.5706654456654456,-1
sk_ratio_q10_15_to_q06_10_mahalanobis,0.42933455433455436,0.5706654456654456,-1
sk_q02_23_meanrms,0.42994505494505497,0.570054945054945,-1
sk_target_sigma_over_contralateral_q10_15,0.5691391941391941,0.5691391941391941,1
sk_q10_15_mahalanobis,0.4311660561660562,0.5688339438339438,-1
sk_q13_16_meanrms,0.4337606837606838,0.5662393162393162,-1
sk_q06_10_wasserstein,0.43513431013431014,0.5648656898656899,-1
sk_q13_16_wasserstein,0.4365079365079365,0.5634920634920635,-1
sk_q10_15_sigma_contralateral,0.4397130647130647,0.5602869352869353,-1
sk_q02_06_sigma_contralateral,0.4426129426129426,0.5573870573870574,-1
sk_q02_23_peak,0.5572344322344323,0.5572344322344323,1
sk_q06_10_sigma_contralateral,0.4435286935286935,0.5564713064713065,-1
sk_q06_10_cosine,0.4436813186813187,0.5563186813186813,-1
sk_q02_06_meanrms,0.4438339438339438,0.5561660561660562,-1
sk_ratio_q10_15_to_q06_10_meanrms,0.44413919413919417,0.5558608058608059,-1
sk_q02_23_sigma_contralateral,0.445970695970696,0.5540293040293041,-1
target_measurements,0.5515873015873016,0.5515873015873016,1
sk_target_sigma_over_contralateral_q15_23,0.5488400488400489,0.5488400488400489,1
sk_q02_06_wasserstein,0.4516178266178266,0.5483821733821734,-1
sk_q02_06_cosine,0.45238095238095244,0.5476190476190476,-1
sk_ratio_q13_16_to_q10_15_cosine,0.5474664224664225,0.5474664224664225,1
sk_ratio_q15_23_to_q10_15_cosine,0.5471611721611722,0.5471611721611722,1
sk_ratio_q13_16_to_q10_15_wasserstein,0.547008547008547,0.547008547008547,1
sk_q02_23_cosine,0.4545177045177045,0.5454822954822955,-1
sk_ratio_q13_16_to_q10_15_meanrms,0.5416666666666666,0.5416666666666666,1
sk_q13_16_mahalanobis,0.4586385836385837,0.5413614163614163,-1
sk_q13_16_weightedrms,0.4597069597069597,0.5402930402930404,-1
sk_ratio_q15_23_to_q06_10_weightedrms,0.5399877899877901,0.5399877899877901,1
sk_q15_23_sigma_target,0.5396825396825398,0.5396825396825398,1
sk_q15_23_cosine,0.4606227106227106,0.5393772893772895,-1
sk_q06_10_meanrms,0.46062271062271065,0.5393772893772893,-1
sk_q15_23_wasserstein,0.46153846153846156,0.5384615384615384,-1
sk_q02_06_sigma_target,0.46352258852258854,0.5364774114774115,-1
sk_q02_06_mahalanobis,0.4636752136752137,0.5363247863247863,-1
sk_ratio_q15_23_to_q10_15_wasserstein,0.536019536019536,0.536019536019536,1
sk_logdiff_q15_23_minus_q06_10_cosine,0.4655067155067155,0.5344932844932845,-1
sk_ratio_q10_15_to_q06_10_wasserstein,0.46855921855921856,0.5314407814407814,-1
sk_logdiff_q15_23_minus_q06_10_weightedrms,0.5312881562881563,0.5312881562881563,1
sk_q02_23_mahalanobis,0.4696275946275946,0.5303724053724054,-1
sk_q10_15_peak,0.5297619047619047,0.5297619047619047,1
sk_logdiff_q13_16_minus_q10_15_mahalanobis,0.5288461538461539,0.5288461538461539,1
sk_ratio_q13_16_to_q10_15_mahalanobis,0.5280830280830281,0.5280830280830281,1
sk_q06_10_peak,0.5268620268620269,0.5268620268620269,1
sk_q06_10_weightedrms,0.4732905982905983,0.5267094017094017,-1
sk_logdiff_q15_23_minus_q10_15_cosine,0.5265567765567766,0.5265567765567766,1
sk_logdiff_q15_23_minus_q06_10_wasserstein,0.47390109890109894,0.526098901098901,-1
sk_q02_06_weightedrms,0.47771672771672774,0.5222832722832722,-1
sk_ratio_q15_23_to_q06_10_meanrms,0.5206043956043956,0.5206043956043956,1
sk_q15_23_sigma_contralateral,0.48107448107448114,0.5189255189255189,-1
sk_q13_16_sigma_contralateral,0.4827533577533577,0.5172466422466423,-1
sk_logdiff_q15_23_minus_q10_15_wasserstein,0.517094017094017,0.517094017094017,1
sk_q15_23_weightedrms,0.517094017094017,0.517094017094017,1
sk_q02_06_peak,0.5151098901098901,0.5151098901098901,1
min_measurements_per_breast,0.5148046398046398,0.5148046398046398,1
sk_ratio_q15_23_to_q06_10_cosine,0.48824786324786323,0.5117521367521367,-1
sk_q02_23_sigma_target,0.5108363858363858,0.5108363858363858,1
sk_q10_15_sigma_target,0.5096153846153846,0.5096153846153846,1
sk_q06_10_mahalanobis,0.49068986568986567,0.5093101343101343,-1
sk_q15_23_meanrms,0.4945054945054945,0.5054945054945055,-1
sk_q15_23_mahalanobis,0.5027472527472527,0.5027472527472527,1
sk_ratio_q15_23_to_q06_10_wasserstein,0.5027472527472527,0.5027472527472527,1
contralateral_measurements,0.4977106227106228,0.5022893772893773,-1
sk_q06_10_sigma_target,0.4983211233211233,0.5016788766788767,-1
sk_logdiff_q15_23_minus_q06_10_mahalanobis,0.5015262515262515,0.5015262515262515,1
sk_q02_23_wasserstein,0.5007631257631258,0.5007631257631258,1
sk_logdiff_q15_23_minus_q06_10_meanrms,0.4996947496947497,0.5003052503052503,-1
sk_ratio_q15_23_to_q06_10_mahalanobis,0.4996947496947497,0.5003052503052503,-1
