feature_set,model_name,mode,roc_auc_mean,roc_auc_std,pr_auc_mean,sensitivity_mean,sensitivity_std,specificity_mean,specificity_std,threshold_mean,n_rows,n_splits
sk_base,LR_L2,train-all,0.7304639804639805,0.0,0.665678905811198,0.9615384615384616,0.0,0.11904761904761904,0.0,0.27247036015584397,162,1
sk_base,LR_L2,70/30 x50,0.6295,0.06835954781724186,0.6039255326775356,0.9008333333333334,0.07767900474245135,0.17519999999999997,0.10052343010462786,0.28862177208684264,49,50
sk_base,LR_L2,stratified 5-fold,0.6072487745098039,0.06162440418945331,0.6204407180851408,0.8716666666666667,0.0932216593811641,0.25,0.15507560384075375,0.30444075604508936,32,5
sk_base,LR_L1,train-all,0.730006105006105,0.0,0.6672711779598783,0.9615384615384616,0.0,0.10714285714285714,0.0,0.29504809687609773,162,1
sk_base,LR_L1,70/30 x50,0.6223333333333333,0.06633500835406093,0.5984050606524286,0.9033333333333333,0.08309967241545274,0.1736,0.1057120617526685,0.3196280481280018,49,50
sk_base,LR_L1,stratified 5-fold,0.6003124999999999,0.06580485368863823,0.6160597385119082,0.86,0.0845576726264388,0.25,0.17986923354612536,0.3498728633101818,32,5
sk_base,LR_elastic,train-all,0.7297008547008547,0.0,0.6687044710968247,0.9615384615384616,0.0,0.11904761904761904,0.0,0.28098022143353074,162,1
sk_base,LR_elastic,70/30 x50,0.6275,0.06680839102321737,0.6035233346110703,0.9041666666666669,0.08260094833999587,0.17119999999999996,0.10246248093814632,0.29951728728687216,49,50
sk_base,LR_elastic,stratified 5-fold,0.5970863970588235,0.06421076336886998,0.6089285490561311,0.86,0.0845576726264388,0.23823529411764705,0.1579496656717359,0.32230553006155904,32,5
sk_base,SVM_poly2,train-all,0.7635836385836386,0.0,0.7037937272098482,0.9615384615384616,0.0,0.2619047619047619,0.0,-0.3865234773000401,162,1
sk_base,SVM_poly2,70/30 x50,0.5754,0.06083270319308337,0.5622396502079314,0.8449999999999999,0.08621678104251708,0.17520000000000002,0.08232229345687594,-0.26461719440584053,49,50
sk_base,SVM_poly2,stratified 5-fold,0.5839307598039215,0.030968227578295777,0.5634151090701989,0.8191666666666666,0.07699206308300732,0.20147058823529412,0.05800906742151771,-0.3286116762751658,32,5
sk_base,RF_depth2,train-all,0.849969474969475,0.0,0.8581080036197597,0.9615384615384616,0.0,0.40476190476190477,0.0,0.4388509233031932,162,1
sk_base,RF_depth2,70/30 x50,0.5515333333333333,0.0647446608695351,0.5872970519476755,0.7733333333333334,0.08545629162196179,0.22879999999999995,0.08391996186843748,0.4339904260189562,49,50
sk_base,RF_depth2,stratified 5-fold,0.5351133578431373,0.06711983093462695,0.5691893911328121,0.7458333333333333,0.14988421457170792,0.2036764705882353,0.13485382320578823,0.42316993598861946,32,5
sk_base,RF_depth3,train-all,0.9113247863247864,0.0,0.9109940915783643,0.9615384615384616,0.0,0.5119047619047619,0.0,0.42364888820084806,162,1
sk_base,RF_depth3,70/30 x50,0.5547,0.062079420458348716,0.5879563304088831,0.7008333333333333,0.11108367716876018,0.31439999999999996,0.09830890091949966,0.4429949163288543,49,50
sk_base,RF_depth3,stratified 5-fold,0.5365839460784313,0.07936124468154089,0.5964597637419405,0.6691666666666667,0.17821647261437737,0.39338235294117646,0.09738137135966649,0.44323640101697126,32,5
sk_ratios,LR_L2,train-all,0.8166971916971917,0.0,0.8135758615702374,0.9615384615384616,0.0,0.30952380952380953,0.0,0.27188023040313414,162,1
sk_ratios,LR_L2,70/30 x50,0.5491666666666667,0.06831890091491682,0.54952819043162,0.7491666666666668,0.1188749342796874,0.34879999999999994,0.10401230696412804,0.3219423065354066,49,50
sk_ratios,LR_L2,stratified 5-fold,0.524188112745098,0.038234245857456724,0.5395267543415277,0.7583333333333334,0.06866788024817556,0.29705882352941176,0.1276619671424159,0.33464945291464926,32,5
sk_ratios,LR_L1,train-all,0.7941086691086691,0.0,0.7807344760203392,0.9615384615384616,0.0,0.34523809523809523,0.0,0.3270826078400814,162,1
sk_ratios,LR_L1,70/30 x50,0.563,0.06812325430994746,0.5628105838118155,0.7825000000000002,0.10616091036200137,0.3152,0.08859435647940561,0.33867513039137104,49,50
sk_ratios,LR_L1,stratified 5-fold,0.5622426470588235,0.04252942560726232,0.547761002258764,0.8474999999999999,0.06200358412579426,0.26176470588235295,0.1417878916846347,0.334260407394167,32,5
sk_ratios,LR_elastic,train-all,0.8046398046398047,0.0,0.7976885244538667,0.9615384615384616,0.0,0.34523809523809523,0.0,0.2957569432914758,162,1
sk_ratios,LR_elastic,70/30 x50,0.5558666666666666,0.06590754467012441,0.5573455680264393,0.7608333333333335,0.11174437594597572,0.336,0.10150862032359617,0.3257057050188365,49,50
sk_ratios,LR_elastic,stratified 5-fold,0.531672794117647,0.043501969315682266,0.5326597784739341,0.7841666666666667,0.0813685033248943,0.27426470588235297,0.14294995131623822,0.334444525815888,32,5
sk_ratios,SVM_poly2,train-all,0.8685897435897436,0.0,0.849557504619975,0.9615384615384616,0.0,0.4642857142857143,0.0,0.25983779700704934,162,1
sk_ratios,SVM_poly2,70/30 x50,0.5383,0.07269761573348422,0.547794158357842,0.7358333333333335,0.11414233317320188,0.32159999999999994,0.11141561829474357,0.29587033639410876,49,50
sk_ratios,SVM_poly2,stratified 5-fold,0.5212162990196079,0.056497910814777424,0.519308725172525,0.7283333333333333,0.11688669727560959,0.34558823529411764,0.059190034698523845,0.36519117269679935,32,5
sk_ratios,RF_depth2,train-all,0.8368437118437119,0.0,0.8496316755604431,0.9615384615384616,0.0,0.38095238095238093,0.0,0.411891893757403,162,1
sk_ratios,RF_depth2,70/30 x50,0.5556666666666668,0.06118732621130695,0.5713424690327211,0.8016666666666665,0.08642594774976116,0.268,0.08736131867136622,0.4139273080772309,49,50
sk_ratios,RF_depth2,stratified 5-fold,0.5251225490196079,0.0785116011233838,0.5582154623528319,0.7458333333333333,0.10117366807184126,0.31176470588235294,0.13362137284235936,0.4074848842242643,32,5
sk_ratios,RF_depth3,train-all,0.9191086691086692,0.0,0.9254551445547401,0.9615384615384616,0.0,0.6190476190476191,0.0,0.4410393585490187,162,1
sk_ratios,RF_depth3,70/30 x50,0.5449666666666667,0.06509009994700508,0.5681070049704349,0.6966666666666665,0.10036046144883065,0.36,0.09797958971132711,0.44722183203421645,49,50
sk_ratios,RF_depth3,stratified 5-fold,0.5143045343137255,0.07631960003840185,0.5476640747139637,0.6816666666666666,0.10728984626287388,0.3845588235294118,0.17029005379688306,0.4430657251039409,32,5
sk_windows,LR_L2,train-all,0.856990231990232,0.0,0.8500000084877091,0.9615384615384616,0.0,0.5357142857142857,0.0,0.3492873385957045,162,1
sk_windows,LR_L2,70/30 x50,0.6047,0.06357732824416787,0.599372970891307,0.7383333333333334,0.10866615541802026,0.4224,0.09997119585160517,0.34629998311524113,49,50
sk_windows,LR_L2,stratified 5-fold,0.6113878676470588,0.04599980295018326,0.6119644878368231,0.6791666666666667,0.09017729450612524,0.40735294117647064,0.1318290284177351,0.37960699978118634,32,5
sk_windows,LR_L1,train-all,0.8424908424908424,0.0,0.8344911656396178,0.9615384615384616,0.0,0.5357142857142857,0.0,0.3889978173270392,162,1
sk_windows,LR_L1,70/30 x50,0.5902666666666667,0.062396901632479594,0.5935546603967794,0.7816666666666666,0.09411871935663667,0.3623999999999999,0.10005118689950658,0.352326930997572,49,50
sk_windows,LR_L1,stratified 5-fold,0.5925214460784314,0.07477157505522045,0.6085544887013976,0.6816666666666666,0.08260515184364177,0.3830882352941177,0.10646286939846038,0.3943756344987007,32,5
sk_windows,LR_elastic,train-all,0.8499694749694748,0.0,0.8446668206335011,0.9615384615384616,0.0,0.5476190476190477,0.0,0.36899930589214447,162,1
sk_windows,LR_elastic,70/30 x50,0.6015666666666667,0.0623452840593773,0.6032635000128205,0.7516666666666667,0.10637982264821964,0.3951999999999999,0.09818839035242405,0.3491394799856108,49,50
sk_windows,LR_elastic,stratified 5-fold,0.6022763480392157,0.06815711360038185,0.6141927834078963,0.6933333333333334,0.09805752280053673,0.38382352941176473,0.14411764705882352,0.37794251499787906,32,5
sk_windows,SVM_poly2,train-all,0.9030830280830281,0.0,0.8721498494947766,0.9615384615384616,0.0,0.6071428571428571,0.0,-0.20282859803629444,162,1
sk_windows,SVM_poly2,70/30 x50,0.6271666666666667,0.06750576107102102,0.6358465633994759,0.7816666666666666,0.09809292646374773,0.3184,0.1226272400407022,-0.14251858078259183,49,50
sk_windows,SVM_poly2,stratified 5-fold,0.6172947303921569,0.07237803223515463,0.6242116321698588,0.7441666666666666,0.06654154925892378,0.3830882352941177,0.11277599747081084,-0.12125225364908765,32,5
sk_windows,RF_depth2,train-all,0.8743894993894994,0.0,0.8748592305979563,0.9615384615384616,0.0,0.5,0.0,0.4372620075222782,162,1
sk_windows,RF_depth2,70/30 x50,0.5801666666666667,0.056691416163883804,0.6107760917215233,0.7441666666666668,0.08780106934301984,0.3072,0.11850805879770371,0.44230139009687636,49,50
sk_windows,RF_depth2,stratified 5-fold,0.6154595588235294,0.12082591864157519,0.6305164790161983,0.72,0.15463667094192116,0.3463235294117647,0.2411092086981149,0.4377059780734971,32,5
sk_windows,RF_depth3,train-all,0.9648962148962149,0.0,0.9612092542622539,0.9615384615384616,0.0,0.8452380952380952,0.0,0.4809825706734636,162,1
sk_windows,RF_depth3,70/30 x50,0.5730000000000001,0.056919045826311764,0.6109989087437863,0.6191666666666668,0.08660654966250789,0.4632,0.12901844829325768,0.47347996552586447,49,50
sk_windows,RF_depth3,stratified 5-fold,0.6004227941176471,0.12008615950148395,0.6212223483156469,0.595,0.23984080368259092,0.4764705882352941,0.21404006351365001,0.45784185311058156,32,5
sk_windows_ratios,LR_L2,train-all,0.9093406593406593,0.0,0.9036506854224434,0.9615384615384616,0.0,0.6547619047619048,0.0,0.39760026974178414,162,1
sk_windows_ratios,LR_L2,70/30 x50,0.5681333333333334,0.07239600971201535,0.5568836191777786,0.6050000000000001,0.1051586103623157,0.5064,0.09752456100900943,0.4261814431020187,49,50
sk_windows_ratios,LR_L2,stratified 5-fold,0.5683578431372549,0.06163367286565997,0.5562615353474529,0.58,0.10773553009311478,0.4772058823529412,0.12719525627158065,0.44176526514872394,32,5
sk_windows_ratios,LR_L1,train-all,0.8827838827838828,0.0,0.8755451497928122,0.9615384615384616,0.0,0.6309523809523809,0.0,0.4140166124855727,162,1
sk_windows_ratios,LR_L1,70/30 x50,0.5652666666666666,0.06771620518343037,0.5574506395011469,0.6758333333333334,0.1152563567781742,0.44239999999999996,0.10005118689950661,0.40185161800901603,49,50
sk_windows_ratios,LR_L1,stratified 5-fold,0.5628216911764705,0.029332527686366447,0.559682119502285,0.6799999999999999,0.06600715449437616,0.4294117647058823,0.1336213728423594,0.417035321260664,32,5
sk_windows_ratios,LR_elastic,train-all,0.8923992673992673,0.0,0.8883129071781487,0.9615384615384616,0.0,0.6190476190476191,0.0,0.3760509612687048,162,1
sk_windows_ratios,LR_elastic,70/30 x50,0.5701333333333333,0.07030792590060131,0.5621451671664864,0.6308333333333332,0.11242590152332928,0.47920000000000007,0.09173527129735869,0.4075515247276911,49,50
sk_windows_ratios,LR_elastic,stratified 5-fold,0.5688909313725491,0.03616369243015187,0.5647942737816122,0.6291666666666667,0.067700320038633,0.44117647058823534,0.10522672835293127,0.42536866736285434,32,5
sk_windows_ratios,SVM_poly2,train-all,0.917887667887668,0.0,0.8989829973088984,0.9615384615384616,0.0,0.5476190476190477,0.0,0.019486375421613356,162,1
sk_windows_ratios,SVM_poly2,70/30 x50,0.5913333333333334,0.06356798635232115,0.5991474138849822,0.7291666666666665,0.11311559967081858,0.36800000000000005,0.11027239001672176,0.15923423127919623,49,50
sk_windows_ratios,SVM_poly2,stratified 5-fold,0.5816390931372549,0.033677759937108157,0.5978769671755918,0.6658333333333333,0.10993685056026987,0.4051470588235294,0.046527329469283445,0.21788596560888096,32,5
sk_windows_ratios,RF_depth2,train-all,0.8543956043956045,0.0,0.8491742203902024,0.9615384615384616,0.0,0.4523809523809524,0.0,0.4252161709830207,162,1
sk_windows_ratios,RF_depth2,70/30 x50,0.5895333333333334,0.06539031528700052,0.6000925907880893,0.7725,0.09654086641878085,0.3232,0.10964378687367561,0.43808606978306036,49,50
sk_windows_ratios,RF_depth2,stratified 5-fold,0.5798345588235294,0.06644295586684366,0.603638934271481,0.6950000000000001,0.1240071682515885,0.3970588235294118,0.1999134760937227,0.4373816794043267,32,5
sk_windows_ratios,RF_depth3,train-all,0.9445970695970696,0.0,0.9429491652594598,0.9615384615384616,0.0,0.7380952380952381,0.0,0.456139050048208,162,1
sk_windows_ratios,RF_depth3,70/30 x50,0.5853666666666666,0.06993909254963683,0.6016841147634797,0.6525,0.09811062350451374,0.46559999999999996,0.11778217182579034,0.4716423652794879,49,50
sk_windows_ratios,RF_depth3,stratified 5-fold,0.54921875,0.07043994228156249,0.5721568383906805,0.6291666666666667,0.12173514054883433,0.43235294117647055,0.17929118416621379,0.4655659233084539,32,5
sk_windows_reliability,LR_L2,train-all,0.858974358974359,0.0,0.8485082506548315,0.9615384615384616,0.0,0.5238095238095238,0.0,0.3429606103829279,162,1
sk_windows_reliability,LR_L2,70/30 x50,0.5961333333333333,0.059641931558258574,0.590303114726981,0.7258333333333333,0.10674801585457637,0.4352,0.10107897902135735,0.3563027716012025,49,50
sk_windows_reliability,LR_L2,stratified 5-fold,0.5974417892156862,0.03992722710874049,0.6049303289287996,0.705,0.08504083986205949,0.4183823529411764,0.09301979176981452,0.38277238376657396,32,5
sk_windows_reliability,LR_L1,train-all,0.8444749694749694,0.0,0.8287264641139547,0.9615384615384616,0.0,0.5238095238095238,0.0,0.3822371214278548,162,1
sk_windows_reliability,LR_L1,70/30 x50,0.5838,0.05710520505562034,0.5873545618836711,0.7691666666666667,0.09545577801032033,0.36719999999999997,0.08897280483383672,0.35750638240111987,49,50
sk_windows_reliability,LR_L1,stratified 5-fold,0.5893504901960783,0.06827734135961398,0.6123116205813058,0.695,0.12658440311156471,0.3713235294117647,0.11223777590054226,0.3888846122109438,32,5
sk_windows_reliability,LR_elastic,train-all,0.8507326007326007,0.0,0.8387708300405821,0.9615384615384616,0.0,0.5119047619047619,0.0,0.35660869447833565,162,1
sk_windows_reliability,LR_elastic,70/30 x50,0.5926333333333333,0.05757419367891988,0.5937058251888049,0.74,0.10819221578078322,0.40319999999999995,0.08721100847943453,0.35463863653560634,49,50
sk_windows_reliability,LR_elastic,stratified 5-fold,0.5922886029411764,0.06359582425755174,0.6176222767259087,0.7066666666666667,0.09805752280053673,0.3713235294117647,0.12395759125227362,0.37647021212958787,32,5
sk_windows_reliability,SVM_poly2,train-all,0.9117826617826618,0.0,0.8800020026709522,0.9615384615384616,0.0,0.7142857142857143,0.0,-0.12811660825264462,162,1
sk_windows_reliability,SVM_poly2,70/30 x50,0.6171333333333334,0.06415782623084004,0.6259726998826509,0.7566666666666667,0.09837569708915804,0.33039999999999997,0.13524732899395833,-0.11615652809387489,49,50
sk_windows_reliability,SVM_poly2,stratified 5-fold,0.6134742647058824,0.065425685037601,0.6172873282633395,0.7316666666666667,0.05783117190965825,0.3705882352941176,0.07803823036130351,-0.09392283583604533,32,5
sk_windows_reliability,RF_depth2,train-all,0.8806471306471307,0.0,0.8768537502763525,0.9615384615384616,0.0,0.40476190476190477,0.0,0.4141937768038095,162,1
sk_windows_reliability,RF_depth2,70/30 x50,0.581,0.05953990258641677,0.6195975548371241,0.7391666666666665,0.08612410296259178,0.3104,0.12485127151935617,0.44230681283204537,49,50
sk_windows_reliability,RF_depth2,stratified 5-fold,0.6049785539215687,0.13217311804217116,0.6236430713034931,0.6541666666666667,0.14053469322555195,0.3823529411764706,0.19509557590325882,0.44459310017167414,32,5
sk_windows_reliability,RF_depth3,train-all,0.9542124542124543,0.0,0.9453251590899556,0.9615384615384616,0.0,0.8214285714285714,0.0,0.4480550689332508,162,1
sk_windows_reliability,RF_depth3,70/30 x50,0.5774333333333332,0.060382309771433315,0.6173566409515856,0.6075,0.08663861725581727,0.5016,0.12321298632855224,0.4757804042961288,49,50
sk_windows_reliability,RF_depth3,stratified 5-fold,0.5938419117647059,0.09641557260407123,0.6070787772632067,0.5416666666666667,0.1821743670223668,0.5154411764705882,0.23065744009522057,0.47230472751147234,32,5
sk_all,LR_L2,train-all,0.9145299145299145,0.0,0.9083496283117508,0.9615384615384616,0.0,0.6904761904761905,0.0,0.41316900968419373,162,1
sk_all,LR_L2,70/30 x50,0.5607333333333332,0.07189819963748127,0.5496439051233595,0.5991666666666667,0.11840666741737516,0.5032,0.09536120804603936,0.435239738768901,49,50
sk_all,LR_L2,stratified 5-fold,0.5581311274509804,0.06696683187063641,0.5520433608005453,0.58,0.10773553009311478,0.47720588235294115,0.10316152886644461,0.4521127656747259,32,5
sk_all,LR_L1,train-all,0.8815628815628815,0.0,0.8731206216475386,0.9615384615384616,0.0,0.6309523809523809,0.0,0.41728054486837324,162,1
sk_all,LR_L1,70/30 x50,0.5609333333333334,0.0641388770992723,0.5539364800511971,0.6716666666666665,0.11536174987114807,0.4391999999999999,0.09649538849084965,0.4056410460034594,49,50
sk_all,LR_L1,stratified 5-fold,0.5661703431372549,0.02241803454855023,0.564094673746413,0.6666666666666667,0.06213783960769082,0.4169117647058823,0.12928636972985155,0.4071488639970509,32,5
sk_all,LR_elastic,train-all,0.8954517704517705,0.0,0.8899015958505023,0.9615384615384616,0.0,0.6309523809523809,0.0,0.38857617117610943,162,1
sk_all,LR_elastic,70/30 x50,0.5621333333333333,0.0669502634630946,0.5568865532920456,0.6183333333333333,0.11677376037068907,0.4664000000000001,0.08527039345517294,0.4119956983679714,49,50
sk_all,LR_elastic,stratified 5-fold,0.5569270833333333,0.04250942733108758,0.5577631859051558,0.6166666666666666,0.04677071733467425,0.4183823529411764,0.13021973710154636,0.43291572795146155,32,5
sk_all,SVM_poly2,train-all,0.9194139194139194,0.0,0.8972136861048798,0.9615384615384616,0.0,0.5476190476190477,0.0,0.06456665883639462,162,1
sk_all,SVM_poly2,70/30 x50,0.5838,0.06353829991080621,0.5924289143851348,0.7208333333333333,0.11524430571616108,0.368,0.1162067123706716,0.16858302414496618,49,50
sk_all,SVM_poly2,stratified 5-fold,0.5690900735294118,0.03613423927980177,0.58005376259682,0.6658333333333333,0.10993685056026987,0.3933823529411765,0.05062327787664265,0.22418105124887902,32,5
sk_all,RF_depth2,train-all,0.8653846153846154,0.0,0.8741274671648093,0.9615384615384616,0.0,0.38095238095238093,0.0,0.41340781331723503,162,1
sk_all,RF_depth2,70/30 x50,0.569,0.06212442711562373,0.5838233970593791,0.7641666666666667,0.08400148808205721,0.308,0.09707728879609277,0.4375257885714855,49,50
sk_all,RF_depth2,stratified 5-fold,0.5379534313725489,0.10425834777391182,0.5574727163600108,0.7458333333333333,0.12391193109086254,0.32426470588235295,0.15226803221036908,0.42822165227645215,32,5
sk_all,RF_depth3,train-all,0.9542124542124543,0.0,0.9529319601482233,0.9615384615384616,0.0,0.8333333333333334,0.0,0.46920992576615705,162,1
sk_all,RF_depth3,70/30 x50,0.5694,0.06082283927750972,0.5889716819180811,0.6383333333333333,0.10015266125049077,0.4456,0.1269985826692566,0.4707346476804885,49,50
sk_all,RF_depth3,stratified 5-fold,0.5444148284313726,0.1041609371622102,0.571463522753503,0.6316666666666666,0.19851182444490414,0.45588235294117646,0.18273205372951842,0.4645255067596287,32,5
