lr1_logreg_c,lr2_logreg_c,model_name,evaluation_mode,splits,roc_auc_mean,roc_auc_std,pr_auc_mean,sensitivity_target_mean,sensitivity_target_std,specificity_target_mean,specificity_target_std,balanced_accuracy_target_mean,ppv_target_mean,npv_target_mean,true_positives_mean,true_negatives_mean,false_negatives_mean,false_positives_mean,training_config_path,model_joblib_path
0.1,0.1,M0Q,stratified_kfold,5,0.5962527233115468,0.0567070883481933,0.5583547625050823,0.8400000000000001,0.09043106644167026,0.33725490196078434,0.036001148637700424,0.5886274509803922,0.5152637362637362,0.728932178932179,12.6,6.0,2.4,11.8,/Users/sad/dev/Aramis/examples/outputs/t100_peak_delta_experiment_v0_1/regularization_configs/aramis_t100_peak_delta_stratified_5fold_c1_0p1_c2_0p1.yaml,/Users/sad/dev/Aramis/examples/outputs/t100_peak_delta_experiment_v0_1/regularization_training/aramis_t100_peak_delta_stratified_5fold_c1_0p1_c2_0p1.joblib
0.1,0.1,M1Q,stratified_kfold,5,0.608409586056645,0.046462697239323225,0.5914272144000706,0.7866666666666667,0.09797958971132714,0.373202614379085,0.1302343960203601,0.5799346405228758,0.5178511705685619,0.6754761904761905,11.8,6.6,3.2,11.2,/Users/sad/dev/Aramis/examples/outputs/t100_peak_delta_experiment_v0_1/regularization_configs/aramis_t100_peak_delta_stratified_5fold_c1_0p1_c2_0p1.yaml,/Users/sad/dev/Aramis/examples/outputs/t100_peak_delta_experiment_v0_1/regularization_training/aramis_t100_peak_delta_stratified_5fold_c1_0p1_c2_0p1.joblib
0.1,0.1,M2Q,stratified_kfold,5,0.6557298474945534,0.048485083760272246,0.6397756217393964,0.8266666666666668,0.10832051206181284,0.3601307189542483,0.06952110340169798,0.5933986928104575,0.5203703703703704,0.7312409812409812,12.4,6.4,2.6,11.4,/Users/sad/dev/Aramis/examples/outputs/t100_peak_delta_experiment_v0_1/regularization_configs/aramis_t100_peak_delta_stratified_5fold_c1_0p1_c2_0p1.yaml,/Users/sad/dev/Aramis/examples/outputs/t100_peak_delta_experiment_v0_1/regularization_training/aramis_t100_peak_delta_stratified_5fold_c1_0p1_c2_0p1.joblib
0.1,0.3,M0Q,stratified_kfold,5,0.5983442265795207,0.06430826387470202,0.5628486691269974,0.8400000000000001,0.06798692684790382,0.3366013071895425,0.06795499989840538,0.5883006535947712,0.5167326892109501,0.7183333333333334,12.6,6.0,2.4,11.8,/Users/sad/dev/Aramis/examples/outputs/t100_peak_delta_experiment_v0_1/regularization_configs/aramis_t100_peak_delta_stratified_5fold_c1_0p1_c2_0p3.yaml,/Users/sad/dev/Aramis/examples/outputs/t100_peak_delta_experiment_v0_1/regularization_training/aramis_t100_peak_delta_stratified_5fold_c1_0p1_c2_0p3.joblib
0.1,0.3,M1Q,stratified_kfold,5,0.6115032679738561,0.04336713904843724,0.5914687491471289,0.7733333333333332,0.06798692684790383,0.37254901960784315,0.09927327890035068,0.5729411764705883,0.5118686868686868,0.6613275613275613,11.6,6.6,3.4,11.2,/Users/sad/dev/Aramis/examples/outputs/t100_peak_delta_experiment_v0_1/regularization_configs/aramis_t100_peak_delta_stratified_5fold_c1_0p1_c2_0p3.yaml,/Users/sad/dev/Aramis/examples/outputs/t100_peak_delta_experiment_v0_1/regularization_training/aramis_t100_peak_delta_stratified_5fold_c1_0p1_c2_0p3.joblib
0.1,0.3,M2Q,stratified_kfold,5,0.6527233115468409,0.04814450049767911,0.637297409031208,0.8400000000000001,0.0997775303139718,0.3718954248366013,0.08125105768953089,0.6059477124183007,0.5300264550264551,0.7574203574203574,12.6,6.6,2.4,11.2,/Users/sad/dev/Aramis/examples/outputs/t100_peak_delta_experiment_v0_1/regularization_configs/aramis_t100_peak_delta_stratified_5fold_c1_0p1_c2_0p3.yaml,/Users/sad/dev/Aramis/examples/outputs/t100_peak_delta_experiment_v0_1/regularization_training/aramis_t100_peak_delta_stratified_5fold_c1_0p1_c2_0p3.joblib
0.1,1.0,M0Q,stratified_kfold,5,0.5959477124183007,0.0678032045888875,0.5635084979271769,0.8400000000000001,0.06798692684790382,0.3366013071895425,0.06795499989840538,0.5883006535947712,0.5167326892109501,0.7183333333333334,12.6,6.0,2.4,11.8,/Users/sad/dev/Aramis/examples/outputs/t100_peak_delta_experiment_v0_1/regularization_configs/aramis_t100_peak_delta_stratified_5fold_c1_0p1_c2_1.yaml,/Users/sad/dev/Aramis/examples/outputs/t100_peak_delta_experiment_v0_1/regularization_training/aramis_t100_peak_delta_stratified_5fold_c1_0p1_c2_1.joblib
0.1,1.0,M1Q,stratified_kfold,5,0.601525054466231,0.05947081933272641,0.5823170682521434,0.7466666666666667,0.0653197264742181,0.3830065359477124,0.07073936858770687,0.5648366013071896,0.5056521739130435,0.6465401265401265,11.2,6.8,3.8,11.0,/Users/sad/dev/Aramis/examples/outputs/t100_peak_delta_experiment_v0_1/regularization_configs/aramis_t100_peak_delta_stratified_5fold_c1_0p1_c2_1.yaml,/Users/sad/dev/Aramis/examples/outputs/t100_peak_delta_experiment_v0_1/regularization_training/aramis_t100_peak_delta_stratified_5fold_c1_0p1_c2_1.joblib
0.1,1.0,M2Q,stratified_kfold,5,0.6541176470588235,0.04753463160793146,0.6364768592993109,0.8,0.08432740427115683,0.4045751633986928,0.041357626194918624,0.6022875816993464,0.5302595954769868,0.7193073593073593,12.0,7.2,3.0,10.6,/Users/sad/dev/Aramis/examples/outputs/t100_peak_delta_experiment_v0_1/regularization_configs/aramis_t100_peak_delta_stratified_5fold_c1_0p1_c2_1.yaml,/Users/sad/dev/Aramis/examples/outputs/t100_peak_delta_experiment_v0_1/regularization_training/aramis_t100_peak_delta_stratified_5fold_c1_0p1_c2_1.joblib
0.1,3.0,M0Q,stratified_kfold,5,0.5891067538126362,0.07380689994764653,0.557635761263318,0.8400000000000001,0.06798692684790382,0.3366013071895425,0.06795499989840538,0.5883006535947712,0.5167471819645733,0.7183333333333335,12.6,6.0,2.4,11.8,/Users/sad/dev/Aramis/examples/outputs/t100_peak_delta_experiment_v0_1/regularization_configs/aramis_t100_peak_delta_stratified_5fold_c1_0p1_c2_3.yaml,/Users/sad/dev/Aramis/examples/outputs/t100_peak_delta_experiment_v0_1/regularization_training/aramis_t100_peak_delta_stratified_5fold_c1_0p1_c2_3.joblib
0.1,3.0,M1Q,stratified_kfold,5,0.5860566448801744,0.07641700324192913,0.5685711918505657,0.6933333333333332,0.10832051206181281,0.39346405228758163,0.06154211715729851,0.5433986928104575,0.48888888888888893,0.6165401265401266,10.4,7.0,4.6,10.8,/Users/sad/dev/Aramis/examples/outputs/t100_peak_delta_experiment_v0_1/regularization_configs/aramis_t100_peak_delta_stratified_5fold_c1_0p1_c2_3.yaml,/Users/sad/dev/Aramis/examples/outputs/t100_peak_delta_experiment_v0_1/regularization_training/aramis_t100_peak_delta_stratified_5fold_c1_0p1_c2_3.joblib
0.1,3.0,M2Q,stratified_kfold,5,0.645751633986928,0.05455800546952566,0.6251300101583732,0.7466666666666667,0.04988876515698592,0.44901960784313727,0.04521628903641301,0.597843137254902,0.5334205077912172,0.6791774891774891,11.2,8.0,3.8,9.8,/Users/sad/dev/Aramis/examples/outputs/t100_peak_delta_experiment_v0_1/regularization_configs/aramis_t100_peak_delta_stratified_5fold_c1_0p1_c2_3.yaml,/Users/sad/dev/Aramis/examples/outputs/t100_peak_delta_experiment_v0_1/regularization_training/aramis_t100_peak_delta_stratified_5fold_c1_0p1_c2_3.joblib
0.3,0.1,M0Q,stratified_kfold,5,0.5900653594771242,0.07661892768406915,0.5547396636747661,0.7866666666666667,0.04988876515698592,0.38235294117647056,0.06620369810248677,0.5845098039215685,0.5185629587803501,0.6771717171717171,11.8,6.8,3.2,11.0,/Users/sad/dev/Aramis/examples/outputs/t100_peak_delta_experiment_v0_1/regularization_configs/aramis_t100_peak_delta_stratified_5fold_c1_0p3_c2_0p1.yaml,/Users/sad/dev/Aramis/examples/outputs/t100_peak_delta_experiment_v0_1/regularization_training/aramis_t100_peak_delta_stratified_5fold_c1_0p3_c2_0p1.joblib
0.3,0.1,M1Q,stratified_kfold,5,0.5941176470588235,0.05736296974145312,0.568108568887992,0.7866666666666666,0.07774602526460404,0.3836601307189542,0.09079087766894295,0.5851633986928104,0.5198541941150637,0.6868831168831169,11.8,6.8,3.2,11.0,/Users/sad/dev/Aramis/examples/outputs/t100_peak_delta_experiment_v0_1/regularization_configs/aramis_t100_peak_delta_stratified_5fold_c1_0p3_c2_0p1.yaml,/Users/sad/dev/Aramis/examples/outputs/t100_peak_delta_experiment_v0_1/regularization_training/aramis_t100_peak_delta_stratified_5fold_c1_0p3_c2_0p1.joblib
0.3,0.1,M2Q,stratified_kfold,5,0.657429193899782,0.05348352696573259,0.6444717779061699,0.8400000000000001,0.09043106644167027,0.3712418300653595,0.03205947312008032,0.6056209150326797,0.5284542124542124,0.750974025974026,12.6,6.6,2.4,11.2,/Users/sad/dev/Aramis/examples/outputs/t100_peak_delta_experiment_v0_1/regularization_configs/aramis_t100_peak_delta_stratified_5fold_c1_0p3_c2_0p1.yaml,/Users/sad/dev/Aramis/examples/outputs/t100_peak_delta_experiment_v0_1/regularization_training/aramis_t100_peak_delta_stratified_5fold_c1_0p3_c2_0p1.joblib
0.3,0.3,M0Q,stratified_kfold,5,0.5856209150326798,0.07532999125234963,0.5513193611236025,0.7866666666666667,0.04988876515698592,0.39346405228758174,0.07909847019172869,0.5900653594771242,0.5237012987012987,0.6808080808080808,11.8,7.0,3.2,10.8,/Users/sad/dev/Aramis/examples/outputs/t100_peak_delta_experiment_v0_1/regularization_configs/aramis_t100_peak_delta_stratified_5fold_c1_0p3_c2_0p3.yaml,/Users/sad/dev/Aramis/examples/outputs/t100_peak_delta_experiment_v0_1/regularization_training/aramis_t100_peak_delta_stratified_5fold_c1_0p3_c2_0p3.joblib
0.3,0.3,M1Q,stratified_kfold,5,0.5918954248366013,0.05624416669513784,0.5713982589987557,0.76,0.10832051206181284,0.40588235294117647,0.08933949607760407,0.5829411764705883,0.5190771581359817,0.6790909090909091,11.4,7.2,3.6,10.6,/Users/sad/dev/Aramis/examples/outputs/t100_peak_delta_experiment_v0_1/regularization_configs/aramis_t100_peak_delta_stratified_5fold_c1_0p3_c2_0p3.yaml,/Users/sad/dev/Aramis/examples/outputs/t100_peak_delta_experiment_v0_1/regularization_training/aramis_t100_peak_delta_stratified_5fold_c1_0p3_c2_0p3.joblib
0.3,0.3,M2Q,stratified_kfold,5,0.6564270152505446,0.05661990399594407,0.6510393131557816,0.8,0.05962847939999443,0.3941176470588236,0.08284426524608816,0.5970588235294119,0.5282857142857142,0.7034632034632035,12.0,7.0,3.0,10.8,/Users/sad/dev/Aramis/examples/outputs/t100_peak_delta_experiment_v0_1/regularization_configs/aramis_t100_peak_delta_stratified_5fold_c1_0p3_c2_0p3.yaml,/Users/sad/dev/Aramis/examples/outputs/t100_peak_delta_experiment_v0_1/regularization_training/aramis_t100_peak_delta_stratified_5fold_c1_0p3_c2_0p3.joblib
0.3,1.0,M0Q,stratified_kfold,5,0.5810457516339869,0.08326887449649675,0.5522186724522469,0.8,0.04216370213557842,0.3816993464052288,0.07987238315381766,0.5908496732026144,0.5232872200263505,0.6868686868686869,12.0,6.8,3.0,11.0,/Users/sad/dev/Aramis/examples/outputs/t100_peak_delta_experiment_v0_1/regularization_configs/aramis_t100_peak_delta_stratified_5fold_c1_0p3_c2_1.yaml,/Users/sad/dev/Aramis/examples/outputs/t100_peak_delta_experiment_v0_1/regularization_training/aramis_t100_peak_delta_stratified_5fold_c1_0p3_c2_1.joblib
0.3,1.0,M1Q,stratified_kfold,5,0.5894117647058824,0.06762179089482064,0.5783282905903631,0.6933333333333334,0.0997775303139718,0.43921568627450974,0.10029219560426558,0.5662745098039215,0.5116718266253869,0.6364835164835165,10.4,7.8,4.6,10.0,/Users/sad/dev/Aramis/examples/outputs/t100_peak_delta_experiment_v0_1/regularization_configs/aramis_t100_peak_delta_stratified_5fold_c1_0p3_c2_1.yaml,/Users/sad/dev/Aramis/examples/outputs/t100_peak_delta_experiment_v0_1/regularization_training/aramis_t100_peak_delta_stratified_5fold_c1_0p3_c2_1.joblib
0.3,1.0,M2Q,stratified_kfold,5,0.6501089324618736,0.0614219914794599,0.6468896625486528,0.7466666666666666,0.07774602526460403,0.4385620915032679,0.09675410452860896,0.5926143790849674,0.5306636155606407,0.672034632034632,11.2,7.8,3.8,10.0,/Users/sad/dev/Aramis/examples/outputs/t100_peak_delta_experiment_v0_1/regularization_configs/aramis_t100_peak_delta_stratified_5fold_c1_0p3_c2_1.yaml,/Users/sad/dev/Aramis/examples/outputs/t100_peak_delta_experiment_v0_1/regularization_training/aramis_t100_peak_delta_stratified_5fold_c1_0p3_c2_1.joblib
0.3,3.0,M0Q,stratified_kfold,5,0.579520697167756,0.08331400804014431,0.5521791637433491,0.8,0.04216370213557842,0.37058823529411766,0.0891528184728371,0.5852941176470589,0.5192872200263505,0.6785353535353535,12.0,6.6,3.0,11.2,/Users/sad/dev/Aramis/examples/outputs/t100_peak_delta_experiment_v0_1/regularization_configs/aramis_t100_peak_delta_stratified_5fold_c1_0p3_c2_3.yaml,/Users/sad/dev/Aramis/examples/outputs/t100_peak_delta_experiment_v0_1/regularization_training/aramis_t100_peak_delta_stratified_5fold_c1_0p3_c2_3.joblib
0.3,3.0,M1Q,stratified_kfold,5,0.5885403050108933,0.0738110928323914,0.576148000821113,0.6533333333333333,0.12220201853215575,0.4503267973856209,0.08345563241575096,0.5518300653594771,0.49932163742690056,0.6189102564102564,9.8,8.0,5.2,9.8,/Users/sad/dev/Aramis/examples/outputs/t100_peak_delta_experiment_v0_1/regularization_configs/aramis_t100_peak_delta_stratified_5fold_c1_0p3_c2_3.yaml,/Users/sad/dev/Aramis/examples/outputs/t100_peak_delta_experiment_v0_1/regularization_training/aramis_t100_peak_delta_stratified_5fold_c1_0p3_c2_3.joblib
0.3,3.0,M2Q,stratified_kfold,5,0.6461002178649238,0.06938532320397318,0.6361960816799191,0.76,0.09043106644167026,0.4718954248366013,0.08958302598232373,0.6159477124183006,0.5493592677345538,0.7032234432234432,11.4,8.4,3.6,9.4,/Users/sad/dev/Aramis/examples/outputs/t100_peak_delta_experiment_v0_1/regularization_configs/aramis_t100_peak_delta_stratified_5fold_c1_0p3_c2_3.yaml,/Users/sad/dev/Aramis/examples/outputs/t100_peak_delta_experiment_v0_1/regularization_training/aramis_t100_peak_delta_stratified_5fold_c1_0p3_c2_3.joblib
1.0,0.1,M0Q,stratified_kfold,5,0.5769063180827887,0.0706631034684126,0.5410093774779247,0.7466666666666667,0.04988876515698592,0.4150326797385621,0.10034329557137409,0.5808496732026144,0.521304347826087,0.6523076923076923,11.2,7.4,3.8,10.4,/Users/sad/dev/Aramis/examples/outputs/t100_peak_delta_experiment_v0_1/regularization_configs/aramis_t100_peak_delta_stratified_5fold_c1_1_c2_0p1.yaml,/Users/sad/dev/Aramis/examples/outputs/t100_peak_delta_experiment_v0_1/regularization_training/aramis_t100_peak_delta_stratified_5fold_c1_1_c2_0p1.joblib
1.0,0.1,M1Q,stratified_kfold,5,0.5806100217864923,0.0596377124515649,0.5570109112811116,0.72,0.09797958971132714,0.42810457516339867,0.10215751090164417,0.5740522875816993,0.5161372997711671,0.6476298701298701,10.8,7.6,4.2,10.2,/Users/sad/dev/Aramis/examples/outputs/t100_peak_delta_experiment_v0_1/regularization_configs/aramis_t100_peak_delta_stratified_5fold_c1_1_c2_0p1.yaml,/Users/sad/dev/Aramis/examples/outputs/t100_peak_delta_experiment_v0_1/regularization_training/aramis_t100_peak_delta_stratified_5fold_c1_1_c2_0p1.joblib
1.0,0.1,M2Q,stratified_kfold,5,0.6367320261437909,0.059447285962740376,0.6300379189373295,0.76,0.05333333333333336,0.4379084967320261,0.07147829079473107,0.5989542483660131,0.5337474120082815,0.6806060606060605,11.4,7.8,3.6,10.0,/Users/sad/dev/Aramis/examples/outputs/t100_peak_delta_experiment_v0_1/regularization_configs/aramis_t100_peak_delta_stratified_5fold_c1_1_c2_0p1.yaml,/Users/sad/dev/Aramis/examples/outputs/t100_peak_delta_experiment_v0_1/regularization_training/aramis_t100_peak_delta_stratified_5fold_c1_1_c2_0p1.joblib
1.0,0.3,M0Q,stratified_kfold,5,0.5752941176470588,0.07253175846526982,0.5476348747091928,0.7333333333333334,0.05962847939999443,0.4150326797385621,0.10034329557137407,0.5741830065359477,0.5167011732229123,0.6433333333333333,11.0,7.4,4.0,10.4,/Users/sad/dev/Aramis/examples/outputs/t100_peak_delta_experiment_v0_1/regularization_configs/aramis_t100_peak_delta_stratified_5fold_c1_1_c2_0p3.yaml,/Users/sad/dev/Aramis/examples/outputs/t100_peak_delta_experiment_v0_1/regularization_training/aramis_t100_peak_delta_stratified_5fold_c1_1_c2_0p3.joblib
1.0,0.3,M1Q,stratified_kfold,5,0.5721132897603486,0.06636739182456199,0.5593922743728533,0.6933333333333332,0.11623730516108463,0.42810457516339867,0.07414772706348642,0.5607189542483659,0.5040476190476191,0.6337898212898213,10.4,7.6,4.6,10.2,/Users/sad/dev/Aramis/examples/outputs/t100_peak_delta_experiment_v0_1/regularization_configs/aramis_t100_peak_delta_stratified_5fold_c1_1_c2_0p3.yaml,/Users/sad/dev/Aramis/examples/outputs/t100_peak_delta_experiment_v0_1/regularization_training/aramis_t100_peak_delta_stratified_5fold_c1_1_c2_0p3.joblib
1.0,0.3,M2Q,stratified_kfold,5,0.6313725490196079,0.06343828544577555,0.6272170879799167,0.72,0.09797958971132714,0.4385620915032679,0.09014870405002179,0.579281045751634,0.519637127578304,0.6504118104118104,10.8,7.8,4.2,10.0,/Users/sad/dev/Aramis/examples/outputs/t100_peak_delta_experiment_v0_1/regularization_configs/aramis_t100_peak_delta_stratified_5fold_c1_1_c2_0p3.yaml,/Users/sad/dev/Aramis/examples/outputs/t100_peak_delta_experiment_v0_1/regularization_training/aramis_t100_peak_delta_stratified_5fold_c1_1_c2_0p3.joblib
1.0,1.0,M0Q,stratified_kfold,5,0.5724183006535948,0.06869576431899575,0.5474754857827888,0.72,0.07774602526460404,0.40326797385620916,0.10992445920539685,0.5616339869281045,0.5072150072150072,0.6265151515151515,10.8,7.2,4.2,10.6,/Users/sad/dev/Aramis/examples/outputs/t100_peak_delta_experiment_v0_1/regularization_configs/aramis_t100_peak_delta_stratified_5fold_c1_1_c2_1.yaml,/Users/sad/dev/Aramis/examples/outputs/t100_peak_delta_experiment_v0_1/regularization_training/aramis_t100_peak_delta_stratified_5fold_c1_1_c2_1.joblib
1.0,1.0,M1Q,stratified_kfold,5,0.5728540305010894,0.07428390120013234,0.5710319952873478,0.6666666666666666,0.09428090415820635,0.4947712418300654,0.06683306160085865,0.580718954248366,0.5260008309543913,0.642478354978355,10.0,8.8,5.0,9.0,/Users/sad/dev/Aramis/examples/outputs/t100_peak_delta_experiment_v0_1/regularization_configs/aramis_t100_peak_delta_stratified_5fold_c1_1_c2_1.yaml,/Users/sad/dev/Aramis/examples/outputs/t100_peak_delta_experiment_v0_1/regularization_training/aramis_t100_peak_delta_stratified_5fold_c1_1_c2_1.joblib
1.0,1.0,M2Q,stratified_kfold,5,0.6213507625272331,0.07378245814813952,0.622624675421872,0.6933333333333332,0.09043106644167025,0.49411764705882355,0.07944336228201267,0.5937254901960785,0.5363064524055237,0.6577489177489177,10.4,8.8,4.6,9.0,/Users/sad/dev/Aramis/examples/outputs/t100_peak_delta_experiment_v0_1/regularization_configs/aramis_t100_peak_delta_stratified_5fold_c1_1_c2_1.yaml,/Users/sad/dev/Aramis/examples/outputs/t100_peak_delta_experiment_v0_1/regularization_training/aramis_t100_peak_delta_stratified_5fold_c1_1_c2_1.joblib
1.0,3.0,M0Q,stratified_kfold,5,0.5632244008714598,0.07355339236161969,0.5432348596185667,0.6933333333333332,0.06798692684790382,0.403921568627451,0.08625470162783591,0.5486274509803921,0.4966051492367282,0.6058441558441559,10.4,7.2,4.6,10.6,/Users/sad/dev/Aramis/examples/outputs/t100_peak_delta_experiment_v0_1/regularization_configs/aramis_t100_peak_delta_stratified_5fold_c1_1_c2_3.yaml,/Users/sad/dev/Aramis/examples/outputs/t100_peak_delta_experiment_v0_1/regularization_training/aramis_t100_peak_delta_stratified_5fold_c1_1_c2_3.joblib
1.0,3.0,M1Q,stratified_kfold,5,0.5728104575163399,0.07792555363963796,0.5763970000726187,0.6666666666666666,0.09428090415820635,0.49411764705882355,0.1000747296492717,0.5803921568627451,0.5284257906060976,0.6394117647058823,10.0,8.8,5.0,9.0,/Users/sad/dev/Aramis/examples/outputs/t100_peak_delta_experiment_v0_1/regularization_configs/aramis_t100_peak_delta_stratified_5fold_c1_1_c2_3.yaml,/Users/sad/dev/Aramis/examples/outputs/t100_peak_delta_experiment_v0_1/regularization_training/aramis_t100_peak_delta_stratified_5fold_c1_1_c2_3.joblib
1.0,3.0,M2Q,stratified_kfold,5,0.6213507625272331,0.07532797491821398,0.6174710122958819,0.6799999999999999,0.07774602526460399,0.49411764705882355,0.07944336228201267,0.5870588235294119,0.5322128851540617,0.6472727272727272,10.2,8.8,4.8,9.0,/Users/sad/dev/Aramis/examples/outputs/t100_peak_delta_experiment_v0_1/regularization_configs/aramis_t100_peak_delta_stratified_5fold_c1_1_c2_3.yaml,/Users/sad/dev/Aramis/examples/outputs/t100_peak_delta_experiment_v0_1/regularization_training/aramis_t100_peak_delta_stratified_5fold_c1_1_c2_3.joblib
3.0,0.1,M0Q,stratified_kfold,5,0.5618736383442265,0.06956355712396764,0.5373872591770447,0.72,0.049888765156985905,0.4261437908496732,0.11158300407810487,0.5730718954248365,0.5180676328502416,0.6344522144522144,10.8,7.6,4.2,10.2,/Users/sad/dev/Aramis/examples/outputs/t100_peak_delta_experiment_v0_1/regularization_configs/aramis_t100_peak_delta_stratified_5fold_c1_3_c2_0p1.yaml,/Users/sad/dev/Aramis/examples/outputs/t100_peak_delta_experiment_v0_1/regularization_training/aramis_t100_peak_delta_stratified_5fold_c1_3_c2_0p1.joblib
3.0,0.1,M1Q,stratified_kfold,5,0.5739433551198256,0.06024563550984112,0.5481779158340491,0.6533333333333332,0.07774602526460399,0.4385620915032679,0.09014870405002179,0.5459477124183006,0.49631062951496385,0.597997557997558,9.8,7.8,5.2,10.0,/Users/sad/dev/Aramis/examples/outputs/t100_peak_delta_experiment_v0_1/regularization_configs/aramis_t100_peak_delta_stratified_5fold_c1_3_c2_0p1.yaml,/Users/sad/dev/Aramis/examples/outputs/t100_peak_delta_experiment_v0_1/regularization_training/aramis_t100_peak_delta_stratified_5fold_c1_3_c2_0p1.joblib
3.0,0.1,M2Q,stratified_kfold,5,0.6210893246187364,0.058436295016687345,0.6066403844074937,0.6666666666666666,0.09428090415820635,0.46013071895424834,0.049362634218298604,0.5633986928104575,0.5083876357560568,0.6245421245421245,10.0,8.2,5.0,9.6,/Users/sad/dev/Aramis/examples/outputs/t100_peak_delta_experiment_v0_1/regularization_configs/aramis_t100_peak_delta_stratified_5fold_c1_3_c2_0p1.yaml,/Users/sad/dev/Aramis/examples/outputs/t100_peak_delta_experiment_v0_1/regularization_training/aramis_t100_peak_delta_stratified_5fold_c1_3_c2_0p1.joblib
3.0,0.3,M0Q,stratified_kfold,5,0.5572984749455338,0.07355953550616237,0.5337004249289146,0.7066666666666667,0.05333333333333336,0.4261437908496732,0.11158300407810487,0.5664052287581699,0.5133057280883369,0.6235431235431235,10.6,7.6,4.4,10.2,/Users/sad/dev/Aramis/examples/outputs/t100_peak_delta_experiment_v0_1/regularization_configs/aramis_t100_peak_delta_stratified_5fold_c1_3_c2_0p3.yaml,/Users/sad/dev/Aramis/examples/outputs/t100_peak_delta_experiment_v0_1/regularization_training/aramis_t100_peak_delta_stratified_5fold_c1_3_c2_0p3.joblib
3.0,0.3,M1Q,stratified_kfold,5,0.5752505446623093,0.06282094181585206,0.5613325563629346,0.6399999999999999,0.06798692684790378,0.47320261437908495,0.10931653425077391,0.5566013071895425,0.5094126620900076,0.6033613445378152,9.6,8.4,5.4,9.4,/Users/sad/dev/Aramis/examples/outputs/t100_peak_delta_experiment_v0_1/regularization_configs/aramis_t100_peak_delta_stratified_5fold_c1_3_c2_0p3.yaml,/Users/sad/dev/Aramis/examples/outputs/t100_peak_delta_experiment_v0_1/regularization_training/aramis_t100_peak_delta_stratified_5fold_c1_3_c2_0p3.joblib
3.0,0.3,M2Q,stratified_kfold,5,0.619520697167756,0.06037737922297087,0.6117732368037642,0.6666666666666666,0.11925695879998881,0.46078431372549017,0.05437028586427562,0.5637254901960784,0.5073355402767168,0.6293006993006993,10.0,8.2,5.0,9.6,/Users/sad/dev/Aramis/examples/outputs/t100_peak_delta_experiment_v0_1/regularization_configs/aramis_t100_peak_delta_stratified_5fold_c1_3_c2_0p3.yaml,/Users/sad/dev/Aramis/examples/outputs/t100_peak_delta_experiment_v0_1/regularization_training/aramis_t100_peak_delta_stratified_5fold_c1_3_c2_0p3.joblib
3.0,1.0,M0Q,stratified_kfold,5,0.5474509803921569,0.07888724931946996,0.533260439816182,0.7066666666666667,0.05333333333333336,0.38039215686274513,0.12552763602710376,0.5435294117647059,0.4949620427881298,0.5922222222222222,10.6,6.8,4.4,11.0,/Users/sad/dev/Aramis/examples/outputs/t100_peak_delta_experiment_v0_1/regularization_configs/aramis_t100_peak_delta_stratified_5fold_c1_3_c2_1.yaml,/Users/sad/dev/Aramis/examples/outputs/t100_peak_delta_experiment_v0_1/regularization_training/aramis_t100_peak_delta_stratified_5fold_c1_3_c2_1.joblib
3.0,1.0,M1Q,stratified_kfold,5,0.5669281045751634,0.07316621670076352,0.5732629098667281,0.6,0.04216370213557838,0.4954248366013072,0.09457044312515517,0.5477124183006536,0.5040773055633736,0.5910236822001529,9.0,8.8,6.0,9.0,/Users/sad/dev/Aramis/examples/outputs/t100_peak_delta_experiment_v0_1/regularization_configs/aramis_t100_peak_delta_stratified_5fold_c1_3_c2_1.yaml,/Users/sad/dev/Aramis/examples/outputs/t100_peak_delta_experiment_v0_1/regularization_training/aramis_t100_peak_delta_stratified_5fold_c1_3_c2_1.joblib
3.0,1.0,M2Q,stratified_kfold,5,0.6103703703703703,0.06733818179178379,0.6152885150550296,0.6666666666666666,0.11925695879998881,0.5281045751633987,0.055559400097655996,0.5973856209150327,0.5406015037593985,0.6603668390433096,10.0,9.4,5.0,8.4,/Users/sad/dev/Aramis/examples/outputs/t100_peak_delta_experiment_v0_1/regularization_configs/aramis_t100_peak_delta_stratified_5fold_c1_3_c2_1.yaml,/Users/sad/dev/Aramis/examples/outputs/t100_peak_delta_experiment_v0_1/regularization_training/aramis_t100_peak_delta_stratified_5fold_c1_3_c2_1.joblib
3.0,3.0,M0Q,stratified_kfold,5,0.5407407407407407,0.07933191546957208,0.5356442083041253,0.6933333333333334,0.06798692684790382,0.3921568627450981,0.11356385478482488,0.5427450980392157,0.493719806763285,0.5942424242424242,10.4,7.0,4.6,10.8,/Users/sad/dev/Aramis/examples/outputs/t100_peak_delta_experiment_v0_1/regularization_configs/aramis_t100_peak_delta_stratified_5fold_c1_3_c2_3.yaml,/Users/sad/dev/Aramis/examples/outputs/t100_peak_delta_experiment_v0_1/regularization_training/aramis_t100_peak_delta_stratified_5fold_c1_3_c2_3.joblib
3.0,3.0,M1Q,stratified_kfold,5,0.5615250544662309,0.08292175978350946,0.5685101740481826,0.6133333333333333,0.04988876515698587,0.5058823529411764,0.07944336228201267,0.5596078431372549,0.5135043491080643,0.605952380952381,9.2,9.0,5.8,8.8,/Users/sad/dev/Aramis/examples/outputs/t100_peak_delta_experiment_v0_1/regularization_configs/aramis_t100_peak_delta_stratified_5fold_c1_3_c2_3.yaml,/Users/sad/dev/Aramis/examples/outputs/t100_peak_delta_experiment_v0_1/regularization_training/aramis_t100_peak_delta_stratified_5fold_c1_3_c2_3.joblib
3.0,3.0,M2Q,stratified_kfold,5,0.6042265795206971,0.07610375738593728,0.6077990324253103,0.6533333333333333,0.09797958971132711,0.4947712418300654,0.09697901694636032,0.5740522875816993,0.5226363008971704,0.6301470588235294,9.8,8.8,5.2,9.0,/Users/sad/dev/Aramis/examples/outputs/t100_peak_delta_experiment_v0_1/regularization_configs/aramis_t100_peak_delta_stratified_5fold_c1_3_c2_3.yaml,/Users/sad/dev/Aramis/examples/outputs/t100_peak_delta_experiment_v0_1/regularization_training/aramis_t100_peak_delta_stratified_5fold_c1_3_c2_3.joblib
