split_id,feature,standardized_coefficient
0,sk_meanrms1,-0.10484498587754963
0,sk_weightedrms1,-0.31936730282564824
0,sk_sigma_target1,-0.07461876246466416
0,sk_sigma_contralateral1,-0.0277861912624982
0,sk_mahalanobis1,-0.06764980454266863
0,sk_meanrms2,0.03328142973054581
0,sk_weightedrms2,-0.10742984600070239
0,sk_sigma_target2,0.00677249542656854
0,sk_sigma_contralateral2,-0.01397701574837054
0,sk_mahalanobis2,-0.15693892751184751
0,sk_peak14_intensity_abs_delta,-0.02849065463178889
0,sk_mean_peak_value_abs_delta,-0.16460644106789596
0,sk_wasserstein_distance_mu_tc,0.09322231777240718
0,sk_cosine_distance_full_q2,0.09527474486654217
0,sk_wasserstein_distance_full_q2,0.30687246153019676
1,sk_meanrms1,-0.001377287954209664
1,sk_weightedrms1,-0.18043634421055912
1,sk_sigma_target1,0.09255239655082188
1,sk_sigma_contralateral1,0.06767065445961261
1,sk_mahalanobis1,-0.0630898414892923
1,sk_meanrms2,-0.014658046602945628
1,sk_weightedrms2,-0.13638246578930732
1,sk_sigma_target2,0.09479153534367407
1,sk_sigma_contralateral2,-0.06255942727539603
1,sk_mahalanobis2,-0.14111991202753535
1,sk_peak14_intensity_abs_delta,-0.03989534476834371
1,sk_mean_peak_value_abs_delta,-0.10780811538787372
1,sk_wasserstein_distance_mu_tc,0.09565176265453437
1,sk_cosine_distance_full_q2,0.0852111673291027
1,sk_wasserstein_distance_full_q2,0.23760604350619707
2,sk_meanrms1,-0.08090612215528235
2,sk_weightedrms1,-0.09050440199892519
2,sk_sigma_target1,0.06488020124160186
2,sk_sigma_contralateral1,-0.10780953601573108
2,sk_mahalanobis1,-0.07533763685626499
2,sk_meanrms2,0.03541762928304532
2,sk_weightedrms2,-0.07751756517461632
2,sk_sigma_target2,0.04388348135434736
2,sk_sigma_contralateral2,-0.09085019171675938
2,sk_mahalanobis2,-0.16406773312610634
2,sk_peak14_intensity_abs_delta,-0.1345087885979684
2,sk_mean_peak_value_abs_delta,-0.10743442812626407
2,sk_wasserstein_distance_mu_tc,0.05133086710274909
2,sk_cosine_distance_full_q2,0.08494130894444288
2,sk_wasserstein_distance_full_q2,0.22038195133268415
3,sk_meanrms1,-0.029489964734871126
3,sk_weightedrms1,-0.20791915056903465
3,sk_sigma_target1,0.15223302467416852
3,sk_sigma_contralateral1,-0.03664133583757644
3,sk_mahalanobis1,-0.0189401866854101
3,sk_meanrms2,0.006259197073699101
3,sk_weightedrms2,-0.14516993136976494
3,sk_sigma_target2,0.018821672315758025
3,sk_sigma_contralateral2,-0.045878979018582164
3,sk_mahalanobis2,-0.01892854886867831
3,sk_peak14_intensity_abs_delta,0.07808733874650914
3,sk_mean_peak_value_abs_delta,-0.12477754439320674
3,sk_wasserstein_distance_mu_tc,0.09934693179980777
3,sk_cosine_distance_full_q2,0.06820068433258451
3,sk_wasserstein_distance_full_q2,0.21915901906972574
4,sk_meanrms1,-0.0410157453371609
4,sk_weightedrms1,-0.05043556999490864
4,sk_sigma_target1,0.040952197662105484
4,sk_sigma_contralateral1,-0.10219976600927301
4,sk_mahalanobis1,-0.13598268088536097
4,sk_meanrms2,-0.05422824357568247
4,sk_weightedrms2,-0.12712494877615343
4,sk_sigma_target2,0.16670509220822766
4,sk_sigma_contralateral2,-0.01845529061245064
4,sk_mahalanobis2,-0.17916506167032617
4,sk_peak14_intensity_abs_delta,-0.06638687745318045
4,sk_mean_peak_value_abs_delta,-0.16158095318032137
4,sk_wasserstein_distance_mu_tc,0.1487274386124413
4,sk_cosine_distance_full_q2,0.0994974666413589
4,sk_wasserstein_distance_full_q2,0.226494838598392
5,sk_meanrms1,-0.03258481150487368
5,sk_weightedrms1,-0.27224976507971216
5,sk_sigma_target1,0.06556242779650041
5,sk_sigma_contralateral1,0.015818744632006398
5,sk_mahalanobis1,-0.04937224564837398
5,sk_meanrms2,-0.0023565376472745683
5,sk_weightedrms2,-0.13453579029467327
5,sk_sigma_target2,0.13061758783754285
5,sk_sigma_contralateral2,-0.032302271513609995
5,sk_mahalanobis2,-0.0819573882671111
5,sk_peak14_intensity_abs_delta,-0.06431863111682624
5,sk_mean_peak_value_abs_delta,-0.10965572492595348
5,sk_wasserstein_distance_mu_tc,0.15155221969834665
5,sk_cosine_distance_full_q2,0.10225385687008332
5,sk_wasserstein_distance_full_q2,0.2874137076152743
6,sk_meanrms1,-0.04757373081619902
6,sk_weightedrms1,-0.12583620887274422
6,sk_sigma_target1,0.0730838321586745
6,sk_sigma_contralateral1,-0.09017065210071587
6,sk_mahalanobis1,-0.07144256424410798
6,sk_meanrms2,0.0018151419774478973
6,sk_weightedrms2,-0.1048747747858462
6,sk_sigma_target2,0.08958687645309224
6,sk_sigma_contralateral2,-0.03629575947504544
6,sk_mahalanobis2,-0.16914298582112658
6,sk_peak14_intensity_abs_delta,-0.0015445545382757357
6,sk_mean_peak_value_abs_delta,-0.13698456209726376
6,sk_wasserstein_distance_mu_tc,0.06548866251252267
6,sk_cosine_distance_full_q2,0.07059974609999353
6,sk_wasserstein_distance_full_q2,0.3042734867589842
7,sk_meanrms1,-0.025794040295357718
7,sk_weightedrms1,-0.18582735816644455
7,sk_sigma_target1,0.17084294237917635
7,sk_sigma_contralateral1,0.00966391315543081
7,sk_mahalanobis1,-0.06001866904539636
7,sk_meanrms2,0.007288551669452021
7,sk_weightedrms2,-0.073824227363435
7,sk_sigma_target2,-0.0734067269711132
7,sk_sigma_contralateral2,-0.058049220131516484
7,sk_mahalanobis2,-0.15060530746534828
7,sk_peak14_intensity_abs_delta,-0.05513321821048511
7,sk_mean_peak_value_abs_delta,-0.19745798733392964
7,sk_wasserstein_distance_mu_tc,0.0538835479185193
7,sk_cosine_distance_full_q2,0.07134970381621614
7,sk_wasserstein_distance_full_q2,0.29460424625888315
8,sk_meanrms1,-0.024038352123707023
8,sk_weightedrms1,-0.18918187780407672
8,sk_sigma_target1,0.033565363336869145
8,sk_sigma_contralateral1,-0.05871959738176103
8,sk_mahalanobis1,-0.0328314170061689
8,sk_meanrms2,0.07293084716963498
8,sk_weightedrms2,-0.18969475870166808
8,sk_sigma_target2,0.07748836907845409
8,sk_sigma_contralateral2,-0.05663394223546747
8,sk_mahalanobis2,-0.07693548880930691
8,sk_peak14_intensity_abs_delta,-0.020974392817236464
8,sk_mean_peak_value_abs_delta,-0.0806346340559925
8,sk_wasserstein_distance_mu_tc,0.17165392754142988
8,sk_cosine_distance_full_q2,-0.020537698633442885
8,sk_wasserstein_distance_full_q2,0.20162242860124246
9,sk_meanrms1,-0.132693737954256
9,sk_weightedrms1,-0.1140932803362514
9,sk_sigma_target1,-0.020282357400115032
9,sk_sigma_contralateral1,-0.11274498321841103
9,sk_mahalanobis1,-0.11017473524567142
9,sk_meanrms2,-0.03406041153784031
9,sk_weightedrms2,-0.08845711854235373
9,sk_sigma_target2,0.07439618962833731
9,sk_sigma_contralateral2,-0.02029816732241231
9,sk_mahalanobis2,-0.13851336649849924
9,sk_peak14_intensity_abs_delta,-0.0361332826713219
9,sk_mean_peak_value_abs_delta,-0.17116915641879935
9,sk_wasserstein_distance_mu_tc,0.07415655503350509
9,sk_cosine_distance_full_q2,0.21151436389012881
9,sk_wasserstein_distance_full_q2,0.16896285887684834
10,sk_meanrms1,-0.05789771498217934
10,sk_weightedrms1,-0.22954873323579367
10,sk_sigma_target1,0.030803679212342814
10,sk_sigma_contralateral1,-0.015882420991347315
10,sk_mahalanobis1,-0.06311269198952131
10,sk_meanrms2,-0.0033872894597349224
10,sk_weightedrms2,-0.19345820122671306
10,sk_sigma_target2,0.014445681824125273
10,sk_sigma_contralateral2,0.024172930406854594
10,sk_mahalanobis2,-0.15176053080184598
10,sk_peak14_intensity_abs_delta,-0.0442794616600915
10,sk_mean_peak_value_abs_delta,-0.10770343526535621
10,sk_wasserstein_distance_mu_tc,0.09854780594393867
10,sk_cosine_distance_full_q2,0.13210085499848112
10,sk_wasserstein_distance_full_q2,0.34791892382264283
11,sk_meanrms1,-0.08216743492053045
11,sk_weightedrms1,-0.08532923017021372
11,sk_sigma_target1,0.18097944297930985
11,sk_sigma_contralateral1,-0.0720166194493193
11,sk_mahalanobis1,-0.05894178206239069
11,sk_meanrms2,-0.009490366181981055
11,sk_weightedrms2,-0.12622497543064293
11,sk_sigma_target2,0.1674902830414513
11,sk_sigma_contralateral2,-0.01558140764134121
11,sk_mahalanobis2,-0.14247281395379827
11,sk_peak14_intensity_abs_delta,-0.14772201184143602
11,sk_mean_peak_value_abs_delta,-0.14570174438113934
11,sk_wasserstein_distance_mu_tc,0.14796564025310693
11,sk_cosine_distance_full_q2,0.034978907455509856
11,sk_wasserstein_distance_full_q2,0.12860737883733364
12,sk_meanrms1,0.004791408173537569
12,sk_weightedrms1,-0.14767651811778754
12,sk_sigma_target1,0.04179772797977105
12,sk_sigma_contralateral1,-0.12043048165638624
12,sk_mahalanobis1,-0.04941165713937182
12,sk_meanrms2,-0.014712469057757988
12,sk_weightedrms2,-0.10727351763272046
12,sk_sigma_target2,0.07943195775052243
12,sk_sigma_contralateral2,-0.060905431947488715
12,sk_mahalanobis2,-0.1239088597558816
12,sk_peak14_intensity_abs_delta,0.021349983874626124
12,sk_mean_peak_value_abs_delta,-0.1751083101184148
12,sk_wasserstein_distance_mu_tc,0.10543269432312803
12,sk_cosine_distance_full_q2,0.13422633393214536
12,sk_wasserstein_distance_full_q2,0.22940968060107303
13,sk_meanrms1,-0.03264039619636074
13,sk_weightedrms1,-0.21492061713538313
13,sk_sigma_target1,0.14639543362644003
13,sk_sigma_contralateral1,0.0008170177038361447
13,sk_mahalanobis1,-0.04434470515092776
13,sk_meanrms2,-0.006547031680078339
13,sk_weightedrms2,-0.06730566758772283
13,sk_sigma_target2,0.019189014700269146
13,sk_sigma_contralateral2,-0.054432243498883044
13,sk_mahalanobis2,-0.09145147154940625
13,sk_peak14_intensity_abs_delta,-0.004828027768435156
13,sk_mean_peak_value_abs_delta,-0.17455938197665166
13,sk_wasserstein_distance_mu_tc,0.15699399306846265
13,sk_cosine_distance_full_q2,0.15591981685069278
13,sk_wasserstein_distance_full_q2,0.21986442176863003
14,sk_meanrms1,-0.03782583000693743
14,sk_weightedrms1,-0.18116560919523686
14,sk_sigma_target1,-0.028685251898844997
14,sk_sigma_contralateral1,-0.035532614096887676
14,sk_mahalanobis1,-0.07485842221151913
14,sk_meanrms2,0.03381116802377597
14,sk_weightedrms2,-0.11183768654907594
14,sk_sigma_target2,0.03997880305843806
14,sk_sigma_contralateral2,-0.08946803200781524
14,sk_mahalanobis2,-0.0747359232868577
14,sk_peak14_intensity_abs_delta,0.037724004255636275
14,sk_mean_peak_value_abs_delta,-0.09824425507374572
14,sk_wasserstein_distance_mu_tc,-0.01851330057352866
14,sk_cosine_distance_full_q2,-0.011095794791691878
14,sk_wasserstein_distance_full_q2,0.2973862757797045
15,sk_meanrms1,0.03398950698206115
15,sk_weightedrms1,-0.1134237714613356
15,sk_sigma_target1,0.027962199071773976
15,sk_sigma_contralateral1,-0.059838036645462445
15,sk_mahalanobis1,-0.14017051389151325
15,sk_meanrms2,-0.0014823675262212565
15,sk_weightedrms2,-0.1151009788093165
15,sk_sigma_target2,0.0797939928986661
15,sk_sigma_contralateral2,0.007586489284188468
15,sk_mahalanobis2,-0.17752456159408836
15,sk_peak14_intensity_abs_delta,0.011895753848380458
15,sk_mean_peak_value_abs_delta,-0.11339877118514692
15,sk_wasserstein_distance_mu_tc,0.1032559965944229
15,sk_cosine_distance_full_q2,0.031226552050683108
15,sk_wasserstein_distance_full_q2,0.25158056858783107
16,sk_meanrms1,-0.08168716944657364
16,sk_weightedrms1,-0.18933117769946245
16,sk_sigma_target1,0.027986267008706697
16,sk_sigma_contralateral1,-0.0783423829246334
16,sk_mahalanobis1,-0.02498398329560027
16,sk_meanrms2,0.017706271748426507
16,sk_weightedrms2,-0.07648561805738924
16,sk_sigma_target2,0.08359856265946207
16,sk_sigma_contralateral2,-0.08202278590624712
16,sk_mahalanobis2,-0.024984409173214234
16,sk_peak14_intensity_abs_delta,-0.03286868546962733
16,sk_mean_peak_value_abs_delta,-0.15465540442342837
16,sk_wasserstein_distance_mu_tc,0.08338961913426209
16,sk_cosine_distance_full_q2,0.07530467769579628
16,sk_wasserstein_distance_full_q2,0.2129243742268227
17,sk_meanrms1,-0.13217740069733247
17,sk_weightedrms1,-0.15223876769200576
17,sk_sigma_target1,0.06207163784143373
17,sk_sigma_contralateral1,-0.04899352955471535
17,sk_mahalanobis1,-0.04528001931301591
17,sk_meanrms2,-0.013748827896528858
17,sk_weightedrms2,-0.0758203509670841
17,sk_sigma_target2,0.11513812657085691
17,sk_sigma_contralateral2,-0.10081547910342321
17,sk_mahalanobis2,-0.10228053458580094
17,sk_peak14_intensity_abs_delta,-0.13687036690487733
17,sk_mean_peak_value_abs_delta,-0.15861013127710538
17,sk_wasserstein_distance_mu_tc,0.12352370481368709
17,sk_cosine_distance_full_q2,0.09107423434796233
17,sk_wasserstein_distance_full_q2,0.2457078141126514
18,sk_meanrms1,-0.030683087506121587
18,sk_weightedrms1,-0.18483564098056368
18,sk_sigma_target1,0.1524493291781657
18,sk_sigma_contralateral1,-0.08188463764219488
18,sk_mahalanobis1,-0.0662468823728246
18,sk_meanrms2,0.04944448482803753
18,sk_weightedrms2,-0.1826914574931686
18,sk_sigma_target2,0.01568972261450514
18,sk_sigma_contralateral2,-0.047132067868824366
18,sk_mahalanobis2,-0.15442656512880956
18,sk_peak14_intensity_abs_delta,-0.005887300306635898
18,sk_mean_peak_value_abs_delta,-0.13208944172677659
18,sk_wasserstein_distance_mu_tc,0.12694846684807737
18,sk_cosine_distance_full_q2,0.16104749804087035
18,sk_wasserstein_distance_full_q2,0.20732158986268567
19,sk_meanrms1,-0.04391235878827107
19,sk_weightedrms1,-0.18325627969363686
19,sk_sigma_target1,0.08656656920267244
19,sk_sigma_contralateral1,-0.00010400267998627113
19,sk_mahalanobis1,-0.06296632618264673
19,sk_meanrms2,-0.020517424666822322
19,sk_weightedrms2,-0.15479375107312718
19,sk_sigma_target2,-0.036254277002233624
19,sk_sigma_contralateral2,0.051673311099381225
19,sk_mahalanobis2,-0.15488959879006897
19,sk_peak14_intensity_abs_delta,-0.04177701228892821
19,sk_mean_peak_value_abs_delta,-0.1158186472985468
19,sk_wasserstein_distance_mu_tc,0.05468256281448315
19,sk_cosine_distance_full_q2,0.07709634443448046
19,sk_wasserstein_distance_full_q2,0.3304872914636052
20,sk_meanrms1,-0.1536014700856247
20,sk_weightedrms1,-0.29271176750478084
20,sk_sigma_target1,0.051498244503137836
20,sk_sigma_contralateral1,0.002751360309355978
20,sk_mahalanobis1,-0.05506854740447129
20,sk_meanrms2,0.053659123969098936
20,sk_weightedrms2,-0.1620111319368971
20,sk_sigma_target2,0.018613997570930192
20,sk_sigma_contralateral2,-0.09618438924189514
20,sk_mahalanobis2,-0.1461645230355217
20,sk_peak14_intensity_abs_delta,-0.11517310809430817
20,sk_mean_peak_value_abs_delta,-0.14037656937317747
20,sk_wasserstein_distance_mu_tc,0.1260524629212126
20,sk_cosine_distance_full_q2,-0.00982617085223951
20,sk_wasserstein_distance_full_q2,0.29255817613529267
21,sk_meanrms1,-0.015368800610912484
21,sk_weightedrms1,-0.16842629555787725
21,sk_sigma_target1,0.0348912856526924
21,sk_sigma_contralateral1,-0.025794817230384338
21,sk_mahalanobis1,-0.1300665510178296
21,sk_meanrms2,-0.06686301853037503
21,sk_weightedrms2,-0.0992960628949896
21,sk_sigma_target2,0.10119964521710122
21,sk_sigma_contralateral2,-0.06905877586931021
21,sk_mahalanobis2,-0.17044723136455087
21,sk_peak14_intensity_abs_delta,0.004755444340358594
21,sk_mean_peak_value_abs_delta,-0.10724855360699162
21,sk_wasserstein_distance_mu_tc,0.0732639817806723
21,sk_cosine_distance_full_q2,0.11858126329948107
21,sk_wasserstein_distance_full_q2,0.2584332088781768
22,sk_meanrms1,-0.04249045957421308
22,sk_weightedrms1,-0.15649087643975418
22,sk_sigma_target1,-0.05586263960531957
22,sk_sigma_contralateral1,-0.12472183043088465
22,sk_mahalanobis1,-0.056710773294858796
22,sk_meanrms2,0.04702983488925178
22,sk_weightedrms2,-0.054600872522558734
22,sk_sigma_target2,0.10769740897964983
22,sk_sigma_contralateral2,0.009429586065067566
22,sk_mahalanobis2,-0.12625494390031092
22,sk_peak14_intensity_abs_delta,-0.036089785201752156
22,sk_mean_peak_value_abs_delta,-0.19236632076044585
22,sk_wasserstein_distance_mu_tc,0.13392483458573234
22,sk_cosine_distance_full_q2,0.17015337094111818
22,sk_wasserstein_distance_full_q2,0.14731110613803325
23,sk_meanrms1,-0.010018296992758838
23,sk_weightedrms1,-0.10605820893320297
23,sk_sigma_target1,0.11145746535107293
23,sk_sigma_contralateral1,-0.04476440208155584
23,sk_mahalanobis1,-0.06719174854977103
23,sk_meanrms2,0.038969393057566526
23,sk_weightedrms2,-0.09880441069525304
23,sk_sigma_target2,-0.03763099285112319
23,sk_sigma_contralateral2,-0.04554790180652614
23,sk_mahalanobis2,-0.1502450597296755
23,sk_peak14_intensity_abs_delta,-0.008242237364249153
23,sk_mean_peak_value_abs_delta,-0.14158714884038107
23,sk_wasserstein_distance_mu_tc,0.11325446543553269
23,sk_cosine_distance_full_q2,0.04794443641484964
23,sk_wasserstein_distance_full_q2,0.22848511689843742
24,sk_meanrms1,0.001816977728690204
24,sk_weightedrms1,-0.17439909005575546
24,sk_sigma_target1,0.15149756820367305
24,sk_sigma_contralateral1,-0.03297486428613995
24,sk_mahalanobis1,-0.042115076941602804
24,sk_meanrms2,-0.026324540604177504
24,sk_weightedrms2,-0.1318385122519179
24,sk_sigma_target2,0.11049468986082661
24,sk_sigma_contralateral2,0.005867068330423778
24,sk_mahalanobis2,-0.06486353809850644
24,sk_peak14_intensity_abs_delta,-0.008685124491819206
24,sk_mean_peak_value_abs_delta,-0.07396799852798097
24,sk_wasserstein_distance_mu_tc,0.09179055760178483
24,sk_cosine_distance_full_q2,0.06016752188106199
24,sk_wasserstein_distance_full_q2,0.24325770255612514
25,sk_meanrms1,-0.08088959435520092
25,sk_weightedrms1,-0.2525696098873644
25,sk_sigma_target1,0.05189308474431519
25,sk_sigma_contralateral1,-0.007436740730393095
25,sk_mahalanobis1,-0.03398225591418894
25,sk_meanrms2,0.03024695243197829
25,sk_weightedrms2,-0.13751196523925124
25,sk_sigma_target2,0.037092662937349016
25,sk_sigma_contralateral2,-0.11246713002757686
25,sk_mahalanobis2,-0.051032706403121776
25,sk_peak14_intensity_abs_delta,-0.061255126871858356
25,sk_mean_peak_value_abs_delta,-0.13037825540260603
25,sk_wasserstein_distance_mu_tc,0.13331023291482835
25,sk_cosine_distance_full_q2,0.13792326777732353
25,sk_wasserstein_distance_full_q2,0.16784441652970908
26,sk_meanrms1,-0.03781328006086315
26,sk_weightedrms1,-0.17734948533366895
26,sk_sigma_target1,0.05218289530699287
26,sk_sigma_contralateral1,-0.06668139718345654
26,sk_mahalanobis1,-0.15514537034813272
26,sk_meanrms2,0.009461233330998646
26,sk_weightedrms2,-0.13163534119000692
26,sk_sigma_target2,0.09231933353637499
26,sk_sigma_contralateral2,-0.08700728310119148
26,sk_mahalanobis2,-0.1975295210761474
26,sk_peak14_intensity_abs_delta,-0.043311152263790474
26,sk_mean_peak_value_abs_delta,-0.13560453894400604
26,sk_wasserstein_distance_mu_tc,0.04403623360753246
26,sk_cosine_distance_full_q2,-0.055125986164922265
26,sk_wasserstein_distance_full_q2,0.27439513845828484
27,sk_meanrms1,-0.0018779590473896415
27,sk_weightedrms1,-0.184267762293646
27,sk_sigma_target1,0.07476348603695683
27,sk_sigma_contralateral1,-0.04575075214767041
27,sk_mahalanobis1,-0.050960404140676666
27,sk_meanrms2,-0.003009310325331271
27,sk_weightedrms2,-0.08129472577394563
27,sk_sigma_target2,0.02577735763848924
27,sk_sigma_contralateral2,-0.12420178811509637
27,sk_mahalanobis2,-0.13021056999364267
27,sk_peak14_intensity_abs_delta,-0.03812591972602291
27,sk_mean_peak_value_abs_delta,-0.20807259050851853
27,sk_wasserstein_distance_mu_tc,0.15177566158713734
27,sk_cosine_distance_full_q2,0.10575863950011813
27,sk_wasserstein_distance_full_q2,0.3400764568910233
28,sk_meanrms1,-0.05428288626346649
28,sk_weightedrms1,-0.0850712818606953
28,sk_sigma_target1,0.07741844353556367
28,sk_sigma_contralateral1,-0.0785317111821784
28,sk_mahalanobis1,-0.04971662509834772
28,sk_meanrms2,0.04112520878617648
28,sk_weightedrms2,-0.09744631593241497
28,sk_sigma_target2,-0.026372936912871608
28,sk_sigma_contralateral2,0.12501132458806988
28,sk_mahalanobis2,-0.117031361838005
28,sk_peak14_intensity_abs_delta,0.012819724106170629
28,sk_mean_peak_value_abs_delta,-0.1422460852058362
28,sk_wasserstein_distance_mu_tc,0.10578616419630209
28,sk_cosine_distance_full_q2,0.07157241876227698
28,sk_wasserstein_distance_full_q2,0.320397716135014
29,sk_meanrms1,-0.03938893032767548
29,sk_weightedrms1,-0.1662668649228496
29,sk_sigma_target1,0.0447312525679827
29,sk_sigma_contralateral1,-0.01934457467600208
29,sk_mahalanobis1,-0.0683243735100714
29,sk_meanrms2,-0.05058403130185969
29,sk_weightedrms2,-0.15039719146240785
29,sk_sigma_target2,0.1637999290478515
29,sk_sigma_contralateral2,-0.0026786566868067124
29,sk_mahalanobis2,-0.15757192822796584
29,sk_peak14_intensity_abs_delta,-0.012941460041990245
29,sk_mean_peak_value_abs_delta,-0.07274041266621224
29,sk_wasserstein_distance_mu_tc,0.08634220029048364
29,sk_cosine_distance_full_q2,0.16083269314656864
29,sk_wasserstein_distance_full_q2,0.12824892895447132
30,sk_meanrms1,-0.056688786190507795
30,sk_weightedrms1,-0.03714213412204747
30,sk_sigma_target1,0.0015138378073477634
30,sk_sigma_contralateral1,-0.006057690804606994
30,sk_mahalanobis1,-0.06186972465278006
30,sk_meanrms2,0.029252152444512305
30,sk_weightedrms2,-0.10966352605439508
30,sk_sigma_target2,0.13002326820415097
30,sk_sigma_contralateral2,-0.0015226829912852067
30,sk_mahalanobis2,-0.13733472039245334
30,sk_peak14_intensity_abs_delta,-0.0611173694715745
30,sk_mean_peak_value_abs_delta,-0.12872330577055488
30,sk_wasserstein_distance_mu_tc,0.10242922992934832
30,sk_cosine_distance_full_q2,0.09012840003808181
30,sk_wasserstein_distance_full_q2,0.1968742531466966
31,sk_meanrms1,-0.007632137707339026
31,sk_weightedrms1,-0.23571068391503164
31,sk_sigma_target1,0.1169430652203694
31,sk_sigma_contralateral1,-0.15028432908460182
31,sk_mahalanobis1,-0.06373719011171015
31,sk_meanrms2,0.03597518464628813
31,sk_weightedrms2,-0.13786721892547724
31,sk_sigma_target2,0.05409120281465206
31,sk_sigma_contralateral2,-0.02122296854058024
31,sk_mahalanobis2,-0.1486109669557327
31,sk_peak14_intensity_abs_delta,-0.0360497969137122
31,sk_mean_peak_value_abs_delta,-0.18250702565984198
31,sk_wasserstein_distance_mu_tc,0.064041839635897
31,sk_cosine_distance_full_q2,0.022419650975220688
31,sk_wasserstein_distance_full_q2,0.21772190372126857
32,sk_meanrms1,-0.09392774132548612
32,sk_weightedrms1,-0.11338034271997342
32,sk_sigma_target1,0.019760764333917928
32,sk_sigma_contralateral1,-0.06117237233338165
32,sk_mahalanobis1,-0.08810445747190664
32,sk_meanrms2,0.03462228850733636
32,sk_weightedrms2,-0.055535552269444836
32,sk_sigma_target2,0.01597311921811219
32,sk_sigma_contralateral2,-0.09377402180272466
32,sk_mahalanobis2,-0.1508498839920474
32,sk_peak14_intensity_abs_delta,-0.07306186459364357
32,sk_mean_peak_value_abs_delta,-0.1571213680157635
32,sk_wasserstein_distance_mu_tc,0.14697203778192222
32,sk_cosine_distance_full_q2,0.163763060298023
32,sk_wasserstein_distance_full_q2,0.2675033440912977
33,sk_meanrms1,-0.07043188555663756
33,sk_weightedrms1,-0.20991331213364608
33,sk_sigma_target1,0.1423171302100874
33,sk_sigma_contralateral1,0.0028464292095335838
33,sk_mahalanobis1,-0.05986645471977522
33,sk_meanrms2,0.004180369399867899
33,sk_weightedrms2,-0.1330699522875387
33,sk_sigma_target2,-0.03409590255134101
33,sk_sigma_contralateral2,-0.026803949819137193
33,sk_mahalanobis2,-0.14248717336977343
33,sk_peak14_intensity_abs_delta,-0.02555313073619966
33,sk_mean_peak_value_abs_delta,-0.12059007943914835
33,sk_wasserstein_distance_mu_tc,0.10042989394534159
33,sk_cosine_distance_full_q2,0.0857084670266034
33,sk_wasserstein_distance_full_q2,0.31100785548626114
34,sk_meanrms1,-0.005511023865261167
34,sk_weightedrms1,-0.21227542816642556
34,sk_sigma_target1,0.033216800322904985
34,sk_sigma_contralateral1,0.0045990734137733285
34,sk_mahalanobis1,-0.06381205809271244
34,sk_meanrms2,-0.04323198784410071
34,sk_weightedrms2,-0.13875858376444727
34,sk_sigma_target2,0.12803056941673863
34,sk_sigma_contralateral2,-0.06783752195201226
34,sk_mahalanobis2,-0.15245740026382607
34,sk_peak14_intensity_abs_delta,0.059542894724071475
34,sk_mean_peak_value_abs_delta,-0.14047678507237954
34,sk_wasserstein_distance_mu_tc,0.11111122706468615
34,sk_cosine_distance_full_q2,0.08787824114505759
34,sk_wasserstein_distance_full_q2,0.20792094351837054
35,sk_meanrms1,-0.02535254415086528
35,sk_weightedrms1,-0.2761224642202108
35,sk_sigma_target1,0.04238152382779411
35,sk_sigma_contralateral1,-0.0468678302066876
35,sk_mahalanobis1,-0.16024925800998815
35,sk_meanrms2,0.07106758042066556
35,sk_weightedrms2,-0.00683983788323051
35,sk_sigma_target2,-0.03156176832792728
35,sk_sigma_contralateral2,-0.12494528566181219
35,sk_mahalanobis2,-0.21185271972525052
35,sk_peak14_intensity_abs_delta,0.02959424455596932
35,sk_mean_peak_value_abs_delta,-0.1903334963975109
35,sk_wasserstein_distance_mu_tc,0.13118325065968234
35,sk_cosine_distance_full_q2,0.1251506719060531
35,sk_wasserstein_distance_full_q2,0.24947317998940896
36,sk_meanrms1,-0.027430739210076632
36,sk_weightedrms1,-0.193675158423463
36,sk_sigma_target1,0.08273495611859928
36,sk_sigma_contralateral1,-0.12978778384863807
36,sk_mahalanobis1,-0.05552696261992369
36,sk_meanrms2,0.019678165620155834
36,sk_weightedrms2,-0.2022670676169669
36,sk_sigma_target2,0.15367810905410587
36,sk_sigma_contralateral2,-0.01396506369445763
36,sk_mahalanobis2,-0.1261220001893308
36,sk_peak14_intensity_abs_delta,0.015277274189983111
36,sk_mean_peak_value_abs_delta,-0.018859136109080236
36,sk_wasserstein_distance_mu_tc,0.05017140160620502
36,sk_cosine_distance_full_q2,0.044693956360407995
36,sk_wasserstein_distance_full_q2,0.17722152351659629
37,sk_meanrms1,-0.07588815732414611
37,sk_weightedrms1,-0.1706095362059516
37,sk_sigma_target1,0.07711147647132548
37,sk_sigma_contralateral1,-0.04110684476613082
37,sk_mahalanobis1,-0.055414698670695685
37,sk_meanrms2,0.0027820005363470347
37,sk_weightedrms2,-0.083059224507724
37,sk_sigma_target2,0.09674562410319838
37,sk_sigma_contralateral2,-0.09886538569123797
37,sk_mahalanobis2,-0.12285921280490454
37,sk_peak14_intensity_abs_delta,-0.04723048076275022
37,sk_mean_peak_value_abs_delta,-0.11847054756740621
37,sk_wasserstein_distance_mu_tc,0.09052193637904614
37,sk_cosine_distance_full_q2,0.09044311914460387
37,sk_wasserstein_distance_full_q2,0.22176140044606443
38,sk_meanrms1,-0.012242410036052816
38,sk_weightedrms1,-0.06861032522355506
38,sk_sigma_target1,0.14727418297008882
38,sk_sigma_contralateral1,-0.05933889556540018
38,sk_mahalanobis1,-0.05717619044095565
38,sk_meanrms2,-0.061902415186738766
38,sk_weightedrms2,-0.1431788841193694
38,sk_sigma_target2,0.036777315437045474
38,sk_sigma_contralateral2,-0.009883137423718404
38,sk_mahalanobis2,-0.13307941832086653
38,sk_peak14_intensity_abs_delta,-0.037398096470846756
38,sk_mean_peak_value_abs_delta,-0.2223032835861123
38,sk_wasserstein_distance_mu_tc,0.08174207135362258
38,sk_cosine_distance_full_q2,0.14881169601700978
38,sk_wasserstein_distance_full_q2,0.2648010629580396
39,sk_meanrms1,-0.09416559091607542
39,sk_weightedrms1,-0.2194789606328207
39,sk_sigma_target1,0.016538210704130016
39,sk_sigma_contralateral1,0.0419482857788614
39,sk_mahalanobis1,-0.016194505249887046
39,sk_meanrms2,0.01259593004950835
39,sk_weightedrms2,-0.09065534100775964
39,sk_sigma_target2,0.061243770495206885
39,sk_sigma_contralateral2,-0.033827351160269595
39,sk_mahalanobis2,-0.01619545587982877
39,sk_peak14_intensity_abs_delta,-0.0926169261023158
39,sk_mean_peak_value_abs_delta,-0.12582343153317901
39,sk_wasserstein_distance_mu_tc,0.14264258545415887
39,sk_cosine_distance_full_q2,0.08111269374724096
39,sk_wasserstein_distance_full_q2,0.2509565806946786
40,sk_meanrms1,-0.056486240319740526
40,sk_weightedrms1,-0.1953821842474422
40,sk_sigma_target1,0.06994010456234208
40,sk_sigma_contralateral1,0.0006958044543717173
40,sk_mahalanobis1,-0.014785186910598594
40,sk_meanrms2,-0.07038173271559703
40,sk_weightedrms2,-0.17435597512244486
40,sk_sigma_target2,-0.04159022954296071
40,sk_sigma_contralateral2,0.08816827027437242
40,sk_mahalanobis2,-0.014776627940404137
40,sk_peak14_intensity_abs_delta,-0.03419306433311041
40,sk_mean_peak_value_abs_delta,-0.0767607260952199
40,sk_wasserstein_distance_mu_tc,0.07889141137938666
40,sk_cosine_distance_full_q2,0.16633527210076693
40,sk_wasserstein_distance_full_q2,0.21297566838768703
41,sk_meanrms1,-0.045537835905076596
41,sk_weightedrms1,-0.11736490716001258
41,sk_sigma_target1,0.1558761208190927
41,sk_sigma_contralateral1,-0.1246238176988972
41,sk_mahalanobis1,-0.09074184813544002
41,sk_meanrms2,-0.05699233128834966
41,sk_weightedrms2,-0.1394187065710713
41,sk_sigma_target2,0.07485995123394638
41,sk_sigma_contralateral2,-0.07907520315603482
41,sk_mahalanobis2,-0.10945134813277822
41,sk_peak14_intensity_abs_delta,-0.06110859079245256
41,sk_mean_peak_value_abs_delta,-0.1704205905449659
41,sk_wasserstein_distance_mu_tc,0.08927416125442705
41,sk_cosine_distance_full_q2,0.133080564377551
41,sk_wasserstein_distance_full_q2,0.2335997118099889
42,sk_meanrms1,-0.0924179762161442
42,sk_weightedrms1,-0.18635102050634794
42,sk_sigma_target1,0.006598667598624904
42,sk_sigma_contralateral1,-0.051537716184906886
42,sk_mahalanobis1,-0.057925478362180684
42,sk_meanrms2,0.03518426376820052
42,sk_weightedrms2,-0.10862333543040714
42,sk_sigma_target2,0.025040674318209413
42,sk_sigma_contralateral2,0.03493266790910928
42,sk_mahalanobis2,-0.13659169174659183
42,sk_peak14_intensity_abs_delta,-0.05338090845782559
42,sk_mean_peak_value_abs_delta,-0.12750321956402572
42,sk_wasserstein_distance_mu_tc,0.12573292706666947
42,sk_cosine_distance_full_q2,0.12567508291337173
42,sk_wasserstein_distance_full_q2,0.26397845873222453
43,sk_meanrms1,-0.013082720904295029
43,sk_weightedrms1,-0.1903474467900823
43,sk_sigma_target1,0.08511241853640919
43,sk_sigma_contralateral1,0.0052679120574071975
43,sk_mahalanobis1,-0.07288814242592748
43,sk_meanrms2,0.049350117462079554
43,sk_weightedrms2,-0.10307004602883411
43,sk_sigma_target2,0.06369618476385658
43,sk_sigma_contralateral2,-0.10404995182202191
43,sk_mahalanobis2,-0.1667214734216425
43,sk_peak14_intensity_abs_delta,-1.3533927009106827e-05
43,sk_mean_peak_value_abs_delta,-0.15338038195214337
43,sk_wasserstein_distance_mu_tc,0.06130153157046393
43,sk_cosine_distance_full_q2,0.021735888456058255
43,sk_wasserstein_distance_full_q2,0.2696132338454647
44,sk_meanrms1,-0.015013673430139223
44,sk_weightedrms1,-0.18370825782497724
44,sk_sigma_target1,0.03699811885160637
44,sk_sigma_contralateral1,-0.006496806064406921
44,sk_mahalanobis1,-0.06770305349728296
44,sk_meanrms2,0.0709670627069825
44,sk_weightedrms2,-0.1232002831426402
44,sk_sigma_target2,0.11789414800855991
44,sk_sigma_contralateral2,-0.1144083543194972
44,sk_mahalanobis2,-0.16078187938440675
44,sk_peak14_intensity_abs_delta,-0.015439206300902229
44,sk_mean_peak_value_abs_delta,-0.1585690038558171
44,sk_wasserstein_distance_mu_tc,0.17773318397275095
44,sk_cosine_distance_full_q2,0.02229082536286158
44,sk_wasserstein_distance_full_q2,0.21415345485682113
45,sk_meanrms1,-0.07805485865096641
45,sk_weightedrms1,-0.2585216142225643
45,sk_sigma_target1,0.11444147192472828
45,sk_sigma_contralateral1,0.03951745573396898
45,sk_mahalanobis1,-0.05228753068078248
45,sk_meanrms2,-0.005422889750160342
45,sk_weightedrms2,-0.14517200560602225
45,sk_sigma_target2,0.05658254497034453
45,sk_sigma_contralateral2,-0.06992006742652353
45,sk_mahalanobis2,-0.1291910798684205
45,sk_peak14_intensity_abs_delta,-0.0006737594728439158
45,sk_mean_peak_value_abs_delta,-0.08089758327111728
45,sk_wasserstein_distance_mu_tc,0.06620717362805766
45,sk_cosine_distance_full_q2,0.11235336829472846
45,sk_wasserstein_distance_full_q2,0.28094878474362384
46,sk_meanrms1,-0.010623675292551588
46,sk_weightedrms1,-0.19297747145539915
46,sk_sigma_target1,0.0462015725393139
46,sk_sigma_contralateral1,-0.15049226266756208
46,sk_mahalanobis1,-0.058976190543326604
46,sk_meanrms2,-0.006009106306618717
46,sk_weightedrms2,-0.0866895987537102
46,sk_sigma_target2,0.06591605814459982
46,sk_sigma_contralateral2,-0.05498189017952991
46,sk_mahalanobis2,-0.05882941047601104
46,sk_peak14_intensity_abs_delta,-0.00014497047436932037
46,sk_mean_peak_value_abs_delta,-0.09288172486008796
46,sk_wasserstein_distance_mu_tc,0.07912738748442036
46,sk_cosine_distance_full_q2,0.11694590522040817
46,sk_wasserstein_distance_full_q2,0.17015686725686904
47,sk_meanrms1,-0.09822663380930755
47,sk_weightedrms1,-0.05018058868167475
47,sk_sigma_target1,0.07932610453306746
47,sk_sigma_contralateral1,-0.0030860326546911193
47,sk_mahalanobis1,-0.04963266372420166
47,sk_meanrms2,-0.052203860171064605
47,sk_weightedrms2,-0.13170251769496757
47,sk_sigma_target2,0.0627841919699649
47,sk_sigma_contralateral2,0.01775604976479916
47,sk_mahalanobis2,-0.11141448167634438
47,sk_peak14_intensity_abs_delta,-0.12286732779164532
47,sk_mean_peak_value_abs_delta,-0.2045411560058109
47,sk_wasserstein_distance_mu_tc,0.12577798142833313
47,sk_cosine_distance_full_q2,0.17068374838218514
47,sk_wasserstein_distance_full_q2,0.2722400144102231
48,sk_meanrms1,-0.03221519688648256
48,sk_weightedrms1,-0.1622661048364838
48,sk_sigma_target1,0.028240093744463082
48,sk_sigma_contralateral1,-0.01593442745013513
48,sk_mahalanobis1,-0.050416580342795926
48,sk_meanrms2,0.02100017988295216
48,sk_weightedrms2,-0.10529215611582023
48,sk_sigma_target2,-0.008302703388442141
48,sk_sigma_contralateral2,-0.04595540081812061
48,sk_mahalanobis2,-0.11756666784705501
48,sk_peak14_intensity_abs_delta,-0.033069769055867455
48,sk_mean_peak_value_abs_delta,-0.10255209969233331
48,sk_wasserstein_distance_mu_tc,0.17272220969231097
48,sk_cosine_distance_full_q2,0.036186817268505554
48,sk_wasserstein_distance_full_q2,0.24839998199563723
49,sk_meanrms1,-0.028241733720582987
49,sk_weightedrms1,-0.15655995065062853
49,sk_sigma_target1,0.06669009547006455
49,sk_sigma_contralateral1,-0.07945064569063319
49,sk_mahalanobis1,-0.06549602865608756
49,sk_meanrms2,0.03109208389927264
49,sk_weightedrms2,-0.13639489200730617
49,sk_sigma_target2,0.11333557376158125
49,sk_sigma_contralateral2,-0.07626618432380144
49,sk_mahalanobis2,-0.14708686488509357
49,sk_peak14_intensity_abs_delta,0.002302092316777959
49,sk_mean_peak_value_abs_delta,-0.2011475987881468
49,sk_wasserstein_distance_mu_tc,0.07842196358915726
49,sk_cosine_distance_full_q2,0.07219881344008273
49,sk_wasserstein_distance_full_q2,0.18667645202211333
50,sk_meanrms1,-0.08006396805722941
50,sk_weightedrms1,-0.1731419696021626
50,sk_sigma_target1,0.020446297080370886
50,sk_sigma_contralateral1,0.005588483331919435
50,sk_mahalanobis1,-0.028285876085870472
50,sk_meanrms2,0.023715483522081346
50,sk_weightedrms2,-0.15201741824955498
50,sk_sigma_target2,0.1348991200985346
50,sk_sigma_contralateral2,-0.05947933901024131
50,sk_mahalanobis2,-0.040284322779958436
50,sk_peak14_intensity_abs_delta,-0.028399601415169083
50,sk_mean_peak_value_abs_delta,-0.08960203162686903
50,sk_wasserstein_distance_mu_tc,0.12474630230723995
50,sk_cosine_distance_full_q2,0.10579820989955697
50,sk_wasserstein_distance_full_q2,0.2135207948422117
51,sk_meanrms1,0.03059852025587486
51,sk_weightedrms1,-0.1739172988617018
51,sk_sigma_target1,0.1189947454701455
51,sk_sigma_contralateral1,0.014223147643860476
51,sk_mahalanobis1,-0.0744189307270362
51,sk_meanrms2,-0.0014047273470106816
51,sk_weightedrms2,-0.05273149187881813
51,sk_sigma_target2,-0.1155228091189156
51,sk_sigma_contralateral2,-0.0569779549653808
51,sk_mahalanobis2,-0.17067475444967486
51,sk_peak14_intensity_abs_delta,0.051791453194915654
51,sk_mean_peak_value_abs_delta,-0.09526880340861033
51,sk_wasserstein_distance_mu_tc,0.018775596582195776
51,sk_cosine_distance_full_q2,0.0881253596363476
51,sk_wasserstein_distance_full_q2,0.2291596204061144
52,sk_meanrms1,-0.05626788529241534
52,sk_weightedrms1,-0.1735510219987922
52,sk_sigma_target1,0.09353669052435594
52,sk_sigma_contralateral1,-0.02007757253259397
52,sk_mahalanobis1,-0.04825584287753869
52,sk_meanrms2,-0.018891670464064283
52,sk_weightedrms2,-0.1135492269322826
52,sk_sigma_target2,0.1066215993027217
52,sk_sigma_contralateral2,-0.05273035645525419
52,sk_mahalanobis2,-0.12184971247989876
52,sk_peak14_intensity_abs_delta,-0.0318283328045318
52,sk_mean_peak_value_abs_delta,-0.057212512287917745
52,sk_wasserstein_distance_mu_tc,0.07550912852397078
52,sk_cosine_distance_full_q2,0.06235954257026109
52,sk_wasserstein_distance_full_q2,0.2058827684763499
53,sk_meanrms1,-0.06837099478539237
53,sk_weightedrms1,-0.24420606998317101
53,sk_sigma_target1,-0.058121161739980165
53,sk_sigma_contralateral1,-0.02550549145888454
53,sk_mahalanobis1,-0.041302857783887044
53,sk_meanrms2,0.05995310230423913
53,sk_weightedrms2,-0.1201908660373043
53,sk_sigma_target2,0.07949196898265679
53,sk_sigma_contralateral2,0.001953858727476667
53,sk_mahalanobis2,-0.09377237647035845
53,sk_peak14_intensity_abs_delta,-0.08002692157014013
53,sk_mean_peak_value_abs_delta,-0.23248369410510042
53,sk_wasserstein_distance_mu_tc,0.14859285748407042
53,sk_cosine_distance_full_q2,0.012908522990445313
53,sk_wasserstein_distance_full_q2,0.26369532926604444
54,sk_meanrms1,-0.08829179429422004
54,sk_weightedrms1,-0.11234879886145771
54,sk_sigma_target1,0.1761357977760467
54,sk_sigma_contralateral1,-0.15707790908226274
54,sk_mahalanobis1,-0.13349336797597583
54,sk_meanrms2,-0.004104118696583574
54,sk_weightedrms2,-0.08123659617421741
54,sk_sigma_target2,0.026238106346863507
54,sk_sigma_contralateral2,-0.02418208476770747
54,sk_mahalanobis2,-0.17148894493348876
54,sk_peak14_intensity_abs_delta,-0.09434790534461202
54,sk_mean_peak_value_abs_delta,-0.222418502806165
54,sk_wasserstein_distance_mu_tc,0.12278508905343875
54,sk_cosine_distance_full_q2,0.1599585368659673
54,sk_wasserstein_distance_full_q2,0.30348444269972674
55,sk_meanrms1,-0.04255081578714615
55,sk_weightedrms1,-0.1620449485914031
55,sk_sigma_target1,-0.014033652385395626
55,sk_sigma_contralateral1,-0.06781219432310634
55,sk_mahalanobis1,-0.055512325481903976
55,sk_meanrms2,0.040090200492533076
55,sk_weightedrms2,-0.10526086866545133
55,sk_sigma_target2,0.07559692246335403
55,sk_sigma_contralateral2,-0.13831475982432187
55,sk_mahalanobis2,-0.08764551256596785
55,sk_peak14_intensity_abs_delta,-0.04725080783014356
55,sk_mean_peak_value_abs_delta,-0.021111237993681097
55,sk_wasserstein_distance_mu_tc,0.17069955755138067
55,sk_cosine_distance_full_q2,0.10514939954634785
55,sk_wasserstein_distance_full_q2,0.19691064668846278
56,sk_meanrms1,-0.027100270556383626
56,sk_weightedrms1,-0.13546892238044717
56,sk_sigma_target1,0.013404792098826333
56,sk_sigma_contralateral1,-0.016550644141663802
56,sk_mahalanobis1,-0.05814529902135687
56,sk_meanrms2,0.01627977157628844
56,sk_weightedrms2,-0.09742998806160685
56,sk_sigma_target2,0.05293921957603136
56,sk_sigma_contralateral2,-0.03499219850467659
56,sk_mahalanobis2,-0.13059253654740183
56,sk_peak14_intensity_abs_delta,-0.0723793066153664
56,sk_mean_peak_value_abs_delta,-0.19532123217182137
56,sk_wasserstein_distance_mu_tc,0.15699963126474023
56,sk_cosine_distance_full_q2,0.1187428302198366
56,sk_wasserstein_distance_full_q2,0.25812967045101193
57,sk_meanrms1,-0.06172889312899993
57,sk_weightedrms1,-0.14446317881121012
57,sk_sigma_target1,0.0843085759038355
57,sk_sigma_contralateral1,-0.12073598470244856
57,sk_mahalanobis1,-0.034885925476889686
57,sk_meanrms2,-0.027147770183052918
57,sk_weightedrms2,-0.09454974239722966
57,sk_sigma_target2,0.029687968685683297
57,sk_sigma_contralateral2,0.10047861387353098
57,sk_mahalanobis2,-0.08736610423474708
57,sk_peak14_intensity_abs_delta,-0.012932595488619176
57,sk_mean_peak_value_abs_delta,-0.15942745567721017
57,sk_wasserstein_distance_mu_tc,0.07329469075365606
57,sk_cosine_distance_full_q2,0.06513406628267744
57,sk_wasserstein_distance_full_q2,0.22441434925477521
58,sk_meanrms1,-0.09198885746075043
58,sk_weightedrms1,-0.23067561737539394
58,sk_sigma_target1,0.07775553185745868
58,sk_sigma_contralateral1,-0.019190325704945308
58,sk_mahalanobis1,-0.06531649249472958
58,sk_meanrms2,0.030496023702873805
58,sk_weightedrms2,-0.18006430722340655
58,sk_sigma_target2,0.13266275338730668
58,sk_sigma_contralateral2,-0.0689712613756579
58,sk_mahalanobis2,-0.15569259261025323
58,sk_peak14_intensity_abs_delta,-0.05661012231888597
58,sk_mean_peak_value_abs_delta,-0.10137543142347667
58,sk_wasserstein_distance_mu_tc,0.01904840241436014
58,sk_cosine_distance_full_q2,0.06659685903567449
58,sk_wasserstein_distance_full_q2,0.1951619021727282
59,sk_meanrms1,-0.010575403559339138
59,sk_weightedrms1,-0.20101123529943749
59,sk_sigma_target1,0.19962095027376395
59,sk_sigma_contralateral1,-0.025052228945024818
59,sk_mahalanobis1,-0.12682491652417727
59,sk_meanrms2,-0.02610675117587303
59,sk_weightedrms2,-0.13576381498755355
59,sk_sigma_target2,0.033645123810397325
59,sk_sigma_contralateral2,-0.053564351331185464
59,sk_mahalanobis2,-0.16071317079511518
59,sk_peak14_intensity_abs_delta,0.03224257588195795
59,sk_mean_peak_value_abs_delta,-0.1668537886287569
59,sk_wasserstein_distance_mu_tc,0.10211938740492014
59,sk_cosine_distance_full_q2,0.07127855039221534
59,sk_wasserstein_distance_full_q2,0.3104976407491546
60,sk_meanrms1,-0.054732185063055085
60,sk_weightedrms1,-0.14941665910940752
60,sk_sigma_target1,0.09427497466249066
60,sk_sigma_contralateral1,-0.067456988542582
60,sk_mahalanobis1,-0.02621249757804211
60,sk_meanrms2,-0.06658285990929752
60,sk_weightedrms2,-0.29951163380717266
60,sk_sigma_target2,0.05345699911652167
60,sk_sigma_contralateral2,0.04387665972137146
60,sk_mahalanobis2,-0.036448963581292806
60,sk_peak14_intensity_abs_delta,-0.01595883711669225
60,sk_mean_peak_value_abs_delta,-0.0026423313297753623
60,sk_wasserstein_distance_mu_tc,0.058941399646861625
60,sk_cosine_distance_full_q2,0.08525941663845
60,sk_wasserstein_distance_full_q2,0.3338795768815826
61,sk_meanrms1,-0.04270939589181553
61,sk_weightedrms1,-0.21323346227217088
61,sk_sigma_target1,0.08584500337797323
61,sk_sigma_contralateral1,-0.04268019429800777
61,sk_mahalanobis1,-0.06580556533835918
61,sk_meanrms2,0.03725167786777905
61,sk_weightedrms2,-0.09885757224538881
61,sk_sigma_target2,0.036540153539949105
61,sk_sigma_contralateral2,-0.062435205127138224
61,sk_mahalanobis2,-0.15844330201059492
61,sk_peak14_intensity_abs_delta,-0.01938526531833673
61,sk_mean_peak_value_abs_delta,-0.15805832651996637
61,sk_wasserstein_distance_mu_tc,0.03432366061000895
61,sk_cosine_distance_full_q2,0.0923909628900018
61,sk_wasserstein_distance_full_q2,0.21839401122861943
62,sk_meanrms1,-0.06316123252070596
62,sk_weightedrms1,-0.166238951678568
62,sk_sigma_target1,0.05758361024322477
62,sk_sigma_contralateral1,-0.041534669219222796
62,sk_mahalanobis1,-0.04972680896105994
62,sk_meanrms2,-0.01452665749801258
62,sk_weightedrms2,-0.11257349566136547
62,sk_sigma_target2,0.04303230625539622
62,sk_sigma_contralateral2,-0.020077778424275494
62,sk_mahalanobis2,-0.12469113020903234
62,sk_peak14_intensity_abs_delta,-0.06345683104793166
62,sk_mean_peak_value_abs_delta,-0.1416018310619871
62,sk_wasserstein_distance_mu_tc,0.140325451546236
62,sk_cosine_distance_full_q2,0.15133217079002742
62,sk_wasserstein_distance_full_q2,0.22472669670054338
63,sk_meanrms1,0.03134898667279167
63,sk_weightedrms1,-0.10499539126838163
63,sk_sigma_target1,0.0892319055106918
63,sk_sigma_contralateral1,-0.004643994039639358
63,sk_mahalanobis1,-0.07855308734548076
63,sk_meanrms2,0.06931005626157219
63,sk_weightedrms2,-0.056529180682727415
63,sk_sigma_target2,0.0739986870440641
63,sk_sigma_contralateral2,-0.12083133628573323
63,sk_mahalanobis2,-0.17282950165682615
63,sk_peak14_intensity_abs_delta,0.03695333923061559
63,sk_mean_peak_value_abs_delta,-0.15874427984176187
63,sk_wasserstein_distance_mu_tc,0.08857507460928304
63,sk_cosine_distance_full_q2,0.04951944727162272
63,sk_wasserstein_distance_full_q2,0.20582532787350968
64,sk_meanrms1,-0.08051855775151921
64,sk_weightedrms1,-0.22059582088582266
64,sk_sigma_target1,-0.009773402498562452
64,sk_sigma_contralateral1,-0.0824954451494224
64,sk_mahalanobis1,-0.07740651802789325
64,sk_meanrms2,-0.024540660218214796
64,sk_weightedrms2,-0.06520083386758402
64,sk_sigma_target2,0.049383772919980244
64,sk_sigma_contralateral2,-0.010984365832323586
64,sk_mahalanobis2,-0.08971126324505914
64,sk_peak14_intensity_abs_delta,-0.06808402439077318
64,sk_mean_peak_value_abs_delta,-0.16080853626213365
64,sk_wasserstein_distance_mu_tc,0.13592405264070226
64,sk_cosine_distance_full_q2,0.09822229613244261
64,sk_wasserstein_distance_full_q2,0.25333018602905577
65,sk_meanrms1,-0.039582355195130384
65,sk_weightedrms1,-0.23664234318752458
65,sk_sigma_target1,0.1120004618051145
65,sk_sigma_contralateral1,-0.08466781924728792
65,sk_mahalanobis1,-0.07513014457755697
65,sk_meanrms2,0.020607037277716716
65,sk_weightedrms2,-0.1646240535939578
65,sk_sigma_target2,0.12088576714654482
65,sk_sigma_contralateral2,-0.15012946465533222
65,sk_mahalanobis2,-0.17537758793070238
65,sk_peak14_intensity_abs_delta,0.03920342633317427
65,sk_mean_peak_value_abs_delta,-0.0944804721154024
65,sk_wasserstein_distance_mu_tc,0.05387021205358181
65,sk_cosine_distance_full_q2,0.08043613710695346
65,sk_wasserstein_distance_full_q2,0.2752842435984399
66,sk_meanrms1,-0.03236035020427629
66,sk_weightedrms1,-0.14537109408188786
66,sk_sigma_target1,0.060775768903923534
66,sk_sigma_contralateral1,0.032578486038965467
66,sk_mahalanobis1,-0.04162038412564081
66,sk_meanrms2,-0.03211990183658701
66,sk_weightedrms2,-0.1804601322986576
66,sk_sigma_target2,0.06844592275794527
66,sk_sigma_contralateral2,0.0283632611663095
66,sk_mahalanobis2,-0.08691446854855919
66,sk_peak14_intensity_abs_delta,-0.02472783950487903
66,sk_mean_peak_value_abs_delta,-0.06542559277835361
66,sk_wasserstein_distance_mu_tc,0.11244771002803933
66,sk_cosine_distance_full_q2,0.12127815587091666
66,sk_wasserstein_distance_full_q2,0.21087919175207573
67,sk_meanrms1,-0.001240318486353937
67,sk_weightedrms1,-0.1536446675612604
67,sk_sigma_target1,0.07936324036702831
67,sk_sigma_contralateral1,-0.0415033268367966
67,sk_mahalanobis1,-0.06410775945451293
67,sk_meanrms2,0.028393482406902613
67,sk_weightedrms2,-0.11686536833292653
67,sk_sigma_target2,0.12229380781247426
67,sk_sigma_contralateral2,-0.05768784919695718
67,sk_mahalanobis2,-0.15099458815634761
67,sk_peak14_intensity_abs_delta,0.012619241995529995
67,sk_mean_peak_value_abs_delta,-0.12517599246629715
67,sk_wasserstein_distance_mu_tc,0.06841000550870477
67,sk_cosine_distance_full_q2,0.01581476741724744
67,sk_wasserstein_distance_full_q2,0.22234625332138058
68,sk_meanrms1,-0.10389481445432767
68,sk_weightedrms1,-0.18002108632504613
68,sk_sigma_target1,0.0660610210913613
68,sk_sigma_contralateral1,-0.023332146645939647
68,sk_mahalanobis1,-0.12802950271893307
68,sk_meanrms2,-0.022639958035383045
68,sk_weightedrms2,-0.05617462049941258
68,sk_sigma_target2,-0.05421377875511268
68,sk_sigma_contralateral2,0.0365626826004921
68,sk_mahalanobis2,-0.12786137964867578
68,sk_peak14_intensity_abs_delta,-0.09754803071463464
68,sk_mean_peak_value_abs_delta,-0.21975158302002068
68,sk_wasserstein_distance_mu_tc,0.10675557590580977
68,sk_cosine_distance_full_q2,0.14193586848841472
68,sk_wasserstein_distance_full_q2,0.37126899764365456
69,sk_meanrms1,-0.07880876076755515
69,sk_weightedrms1,-0.15381453715233637
69,sk_sigma_target1,-0.012895971297152684
69,sk_sigma_contralateral1,-0.08664604347955897
69,sk_mahalanobis1,-0.03294379099792279
69,sk_meanrms2,0.049684142397537226
69,sk_weightedrms2,-0.05046338640777078
69,sk_sigma_target2,0.04825364906387607
69,sk_sigma_contralateral2,-0.06961403599908174
69,sk_mahalanobis2,-0.0477238027163589
69,sk_peak14_intensity_abs_delta,-0.08787133237958464
69,sk_mean_peak_value_abs_delta,-0.14808340398385583
69,sk_wasserstein_distance_mu_tc,0.18046255785468382
69,sk_cosine_distance_full_q2,0.12947626428181777
69,sk_wasserstein_distance_full_q2,0.11643635041410627
70,sk_meanrms1,-0.012385265864265634
70,sk_weightedrms1,-0.13322978053772097
70,sk_sigma_target1,0.054842452133634444
70,sk_sigma_contralateral1,-0.05997803409068568
70,sk_mahalanobis1,-0.049189476278955584
70,sk_meanrms2,-0.01606916196226725
70,sk_weightedrms2,-0.15056231898788128
70,sk_sigma_target2,0.05587483648976006
70,sk_sigma_contralateral2,-0.0323323818188122
70,sk_mahalanobis2,-0.12304445394450621
70,sk_peak14_intensity_abs_delta,-0.045958520396191714
70,sk_mean_peak_value_abs_delta,-0.16016403930607273
70,sk_wasserstein_distance_mu_tc,0.11403500095799256
70,sk_cosine_distance_full_q2,0.12029948457198304
70,sk_wasserstein_distance_full_q2,0.3151158294841493
71,sk_meanrms1,-0.05968577348154533
71,sk_weightedrms1,-0.2947232710883432
71,sk_sigma_target1,-0.01193228336667342
71,sk_sigma_contralateral1,0.07000751668101589
71,sk_mahalanobis1,-0.04971294003370569
71,sk_meanrms2,-0.022349242770018457
71,sk_weightedrms2,-0.12163088098976148
71,sk_sigma_target2,0.06046698809585406
71,sk_sigma_contralateral2,-0.05836006727882
71,sk_mahalanobis2,-0.11053519525720185
71,sk_peak14_intensity_abs_delta,-0.030727491797352596
71,sk_mean_peak_value_abs_delta,-0.10819363245102949
71,sk_wasserstein_distance_mu_tc,0.13619259210762175
71,sk_cosine_distance_full_q2,0.12954102929778638
71,sk_wasserstein_distance_full_q2,0.21082933437370144
72,sk_meanrms1,-0.11545652595885661
72,sk_weightedrms1,-0.12199896431368562
72,sk_sigma_target1,0.1389215825142564
72,sk_sigma_contralateral1,-0.07379506902074305
72,sk_mahalanobis1,-0.05053752913573747
72,sk_meanrms2,0.004119726470226334
72,sk_weightedrms2,-0.12639517618703838
72,sk_sigma_target2,0.0751479353649004
72,sk_sigma_contralateral2,0.0067135582661758154
72,sk_mahalanobis2,-0.12352168219582636
72,sk_peak14_intensity_abs_delta,-0.07735950481534257
72,sk_mean_peak_value_abs_delta,-0.18949359225398535
72,sk_wasserstein_distance_mu_tc,0.15014639593695475
72,sk_cosine_distance_full_q2,0.16036687217223
72,sk_wasserstein_distance_full_q2,0.3073021485878259
73,sk_meanrms1,-0.03170772971231668
73,sk_weightedrms1,-0.23489878299516367
73,sk_sigma_target1,0.05890221590220848
73,sk_sigma_contralateral1,-0.08542242095592449
73,sk_mahalanobis1,-0.04868428761057991
73,sk_meanrms2,0.07600561722795467
73,sk_weightedrms2,-0.0654795734083473
73,sk_sigma_target2,0.09339460264217729
73,sk_sigma_contralateral2,-0.09493183048856262
73,sk_mahalanobis2,-0.0485374159765417
73,sk_peak14_intensity_abs_delta,0.0214844380298233
73,sk_mean_peak_value_abs_delta,-0.1268890878210849
73,sk_wasserstein_distance_mu_tc,0.06366698057871338
73,sk_cosine_distance_full_q2,-0.10788569533810498
73,sk_wasserstein_distance_full_q2,0.2334512130342105
74,sk_meanrms1,0.012167558075126551
74,sk_weightedrms1,-0.06037702136906401
74,sk_sigma_target1,0.06834933126923928
74,sk_sigma_contralateral1,-0.05741148749339416
74,sk_mahalanobis1,-0.06747416342078623
74,sk_meanrms2,0.002505646390819963
74,sk_weightedrms2,-0.14066510824815334
74,sk_sigma_target2,0.05878841843524855
74,sk_sigma_contralateral2,-0.014931642219913568
74,sk_mahalanobis2,-0.14798018032085858
74,sk_peak14_intensity_abs_delta,-0.005818480054711233
74,sk_mean_peak_value_abs_delta,-0.11539479141855737
74,sk_wasserstein_distance_mu_tc,0.06043812283581432
74,sk_cosine_distance_full_q2,0.09815937392296206
74,sk_wasserstein_distance_full_q2,0.15639625064375773
75,sk_meanrms1,-0.018203182535395525
75,sk_weightedrms1,-0.1764421422561835
75,sk_sigma_target1,0.1025775236942304
75,sk_sigma_contralateral1,0.038901866050249694
75,sk_mahalanobis1,-0.06582111755913797
75,sk_meanrms2,-0.049028434673443026
75,sk_weightedrms2,-0.2016000259940967
75,sk_sigma_target2,-0.04164505441758137
75,sk_sigma_contralateral2,3.259858584533145e-06
75,sk_mahalanobis2,-0.15641513992501196
75,sk_peak14_intensity_abs_delta,-0.014867542872284248
75,sk_mean_peak_value_abs_delta,-0.0015326514007646661
75,sk_wasserstein_distance_mu_tc,0.17080896802322704
75,sk_cosine_distance_full_q2,0.16290333353730876
75,sk_wasserstein_distance_full_q2,0.23305159012305013
76,sk_meanrms1,-0.048019328424328274
76,sk_weightedrms1,-0.25164948572493484
76,sk_sigma_target1,-0.057530905112096714
76,sk_sigma_contralateral1,-0.0008804113175423943
76,sk_mahalanobis1,-0.06293939586032692
76,sk_meanrms2,-0.006712694660899331
76,sk_weightedrms2,-0.08464861120676173
76,sk_sigma_target2,0.05944984937728942
76,sk_sigma_contralateral2,0.03607355618060814
76,sk_mahalanobis2,-0.1469781112461038
76,sk_peak14_intensity_abs_delta,0.017058226434866108
76,sk_mean_peak_value_abs_delta,-0.18862350186032065
76,sk_wasserstein_distance_mu_tc,0.05360290609918177
76,sk_cosine_distance_full_q2,0.06352597074558558
76,sk_wasserstein_distance_full_q2,0.31454220735984395
77,sk_meanrms1,-0.023818765168515804
77,sk_weightedrms1,-0.176031926081834
77,sk_sigma_target1,0.07841121604371565
77,sk_sigma_contralateral1,-0.057686504684741166
77,sk_mahalanobis1,-0.0355784562807045
77,sk_meanrms2,0.01204518752708828
77,sk_weightedrms2,-0.14112989850179847
77,sk_sigma_target2,0.09935864242436608
77,sk_sigma_contralateral2,-0.08376204574800217
77,sk_mahalanobis2,-0.08260580333947766
77,sk_peak14_intensity_abs_delta,0.032140044329711355
77,sk_mean_peak_value_abs_delta,-0.16704951647279342
77,sk_wasserstein_distance_mu_tc,0.05141822018144681
77,sk_cosine_distance_full_q2,0.07296144276690557
77,sk_wasserstein_distance_full_q2,0.22748645524166836
78,sk_meanrms1,-0.05694738589253146
78,sk_weightedrms1,-0.2104724723123185
78,sk_sigma_target1,0.09891302714849601
78,sk_sigma_contralateral1,-0.052242094084339025
78,sk_mahalanobis1,-0.06647981537170657
78,sk_meanrms2,0.031213953183928216
78,sk_weightedrms2,-0.13285831704467008
78,sk_sigma_target2,0.06682591770565445
78,sk_sigma_contralateral2,-0.0951154619040907
78,sk_mahalanobis2,-0.06635804033168678
78,sk_peak14_intensity_abs_delta,-0.04638045620981633
78,sk_mean_peak_value_abs_delta,-0.13485528368757477
78,sk_wasserstein_distance_mu_tc,0.14236397249546012
78,sk_cosine_distance_full_q2,0.028599086544895718
78,sk_wasserstein_distance_full_q2,0.239433304958188
79,sk_meanrms1,-0.07506768011739494
79,sk_weightedrms1,-0.05896798658847662
79,sk_sigma_target1,0.16101815182656184
79,sk_sigma_contralateral1,-0.1321075384025765
79,sk_mahalanobis1,-0.045900669150013326
79,sk_meanrms2,0.013488853495720952
79,sk_weightedrms2,-0.055811864441547746
79,sk_sigma_target2,0.05787552091933724
79,sk_sigma_contralateral2,-0.036406295306197656
79,sk_mahalanobis2,-0.10514044828395575
79,sk_peak14_intensity_abs_delta,-0.11733839397178415
79,sk_mean_peak_value_abs_delta,-0.2018337068847195
79,sk_wasserstein_distance_mu_tc,0.11397470629925069
79,sk_cosine_distance_full_q2,0.1500852506405314
79,sk_wasserstein_distance_full_q2,0.18506639550148193
80,sk_meanrms1,-0.04747361687153995
80,sk_weightedrms1,-0.1964645023620922
80,sk_sigma_target1,-0.005063637248038136
80,sk_sigma_contralateral1,-0.032783073812659234
80,sk_mahalanobis1,-0.13797280681236287
80,sk_meanrms2,-0.03412494757536443
80,sk_weightedrms2,-0.08462368197177157
80,sk_sigma_target2,0.05860630808698895
80,sk_sigma_contralateral2,-0.02615690867818896
80,sk_mahalanobis2,-0.1688671461707104
80,sk_peak14_intensity_abs_delta,-0.05586658253770633
80,sk_mean_peak_value_abs_delta,-0.1685327497687054
80,sk_wasserstein_distance_mu_tc,0.08406679101231403
80,sk_cosine_distance_full_q2,0.0923961599055122
80,sk_wasserstein_distance_full_q2,0.21147489601746264
81,sk_meanrms1,-0.028105465736934388
81,sk_weightedrms1,-0.21731112049239829
81,sk_sigma_target1,0.02827270887668465
81,sk_sigma_contralateral1,0.012226288652070384
81,sk_mahalanobis1,-0.05948990505275338
81,sk_meanrms2,0.012272415397405855
81,sk_weightedrms2,-0.15107197543239492
81,sk_sigma_target2,0.09971430512582698
81,sk_sigma_contralateral2,-0.06456824446406736
81,sk_mahalanobis2,-0.14506823493840074
81,sk_peak14_intensity_abs_delta,0.023603130974475223
81,sk_mean_peak_value_abs_delta,-0.06559661949937529
81,sk_wasserstein_distance_mu_tc,0.059825321048725705
81,sk_cosine_distance_full_q2,0.0858364480615842
81,sk_wasserstein_distance_full_q2,0.25017819664083013
82,sk_meanrms1,-0.09426217427681977
82,sk_weightedrms1,-0.09675998625043702
82,sk_sigma_target1,0.058159787973558016
82,sk_sigma_contralateral1,-0.055580580645708116
82,sk_mahalanobis1,-0.03133697727190058
82,sk_meanrms2,-0.00575228431420601
82,sk_weightedrms2,-0.07577255740717515
82,sk_sigma_target2,0.06164713045892428
82,sk_sigma_contralateral2,0.011669567541667024
82,sk_mahalanobis2,-0.07758683051342927
82,sk_peak14_intensity_abs_delta,-0.09554986763261913
82,sk_mean_peak_value_abs_delta,-0.2075085411972346
82,sk_wasserstein_distance_mu_tc,0.12699285786360626
82,sk_cosine_distance_full_q2,0.16012566059943617
82,sk_wasserstein_distance_full_q2,0.1685480732875664
83,sk_meanrms1,0.006923399221150469
83,sk_weightedrms1,-0.2191914999484661
83,sk_sigma_target1,0.17922521934868663
83,sk_sigma_contralateral1,-0.1073116136784845
83,sk_mahalanobis1,-0.05829147540353458
83,sk_meanrms2,0.09645620030406414
83,sk_weightedrms2,-0.06182817977414395
83,sk_sigma_target2,0.027310337544145278
83,sk_sigma_contralateral2,-0.049660387137169706
83,sk_mahalanobis2,-0.1316713336864744
83,sk_peak14_intensity_abs_delta,0.09018753962168527
83,sk_mean_peak_value_abs_delta,-0.15802184821057708
83,sk_wasserstein_distance_mu_tc,0.12431494905978639
83,sk_cosine_distance_full_q2,0.06535652136945697
83,sk_wasserstein_distance_full_q2,0.27965228285337695
84,sk_meanrms1,-0.06695860883902059
84,sk_weightedrms1,-0.15995648019626385
84,sk_sigma_target1,0.0828485080761699
84,sk_sigma_contralateral1,-0.042192633328425946
84,sk_mahalanobis1,-0.03518626307420975
84,sk_meanrms2,-0.039426302227084466
84,sk_weightedrms2,-0.17692835443435662
84,sk_sigma_target2,0.05481730784764205
84,sk_sigma_contralateral2,-0.08260843276477284
84,sk_mahalanobis2,-0.052973018054932236
84,sk_peak14_intensity_abs_delta,-0.07273037502724529
84,sk_mean_peak_value_abs_delta,-0.094360209235948
84,sk_wasserstein_distance_mu_tc,0.12695113424668283
84,sk_cosine_distance_full_q2,0.09869209915126567
84,sk_wasserstein_distance_full_q2,0.2708686175362485
85,sk_meanrms1,-0.09680928697434557
85,sk_weightedrms1,-0.08435017478745756
85,sk_sigma_target1,0.05667120833990455
85,sk_sigma_contralateral1,-0.018823669515115538
85,sk_mahalanobis1,-0.06436015611764621
85,sk_meanrms2,-0.0386682087349534
85,sk_weightedrms2,-0.13973658194471605
85,sk_sigma_target2,-0.01145523151187371
85,sk_sigma_contralateral2,-0.05581461608430719
85,sk_mahalanobis2,-0.13147266590874349
85,sk_peak14_intensity_abs_delta,-0.057720399476987545
85,sk_mean_peak_value_abs_delta,-0.08410099127957796
85,sk_wasserstein_distance_mu_tc,0.11530294920495868
85,sk_cosine_distance_full_q2,0.07733802886190888
85,sk_wasserstein_distance_full_q2,0.30122613029077616
86,sk_meanrms1,-0.051746481913589264
86,sk_weightedrms1,-0.19594629238412653
86,sk_sigma_target1,0.004290974269171171
86,sk_sigma_contralateral1,-0.05361528378872095
86,sk_mahalanobis1,-0.11502610703817867
86,sk_meanrms2,0.06429437450474147
86,sk_weightedrms2,-0.10779836560504225
86,sk_sigma_target2,0.05383011710111929
86,sk_sigma_contralateral2,-0.13567917597065635
86,sk_mahalanobis2,-0.11476210585756721
86,sk_peak14_intensity_abs_delta,-0.0843170754943165
86,sk_mean_peak_value_abs_delta,-0.2118600293738043
86,sk_wasserstein_distance_mu_tc,0.18791997989982592
86,sk_cosine_distance_full_q2,0.021715379432869893
86,sk_wasserstein_distance_full_q2,0.2766358921039115
87,sk_meanrms1,-0.07953765403528654
87,sk_weightedrms1,-0.2923860899005473
87,sk_sigma_target1,0.08547870902712425
87,sk_sigma_contralateral1,-0.04210863067180292
87,sk_mahalanobis1,-0.06465213680628745
87,sk_meanrms2,0.02244853637801904
87,sk_weightedrms2,-0.10598389200302917
87,sk_sigma_target2,0.10057793332412071
87,sk_sigma_contralateral2,-0.06365187186247634
87,sk_mahalanobis2,-0.16000545927587334
87,sk_peak14_intensity_abs_delta,-0.01688957696479874
87,sk_mean_peak_value_abs_delta,-0.08895010875378552
87,sk_wasserstein_distance_mu_tc,0.00567244950292403
87,sk_cosine_distance_full_q2,0.11203047250475029
87,sk_wasserstein_distance_full_q2,0.23858552571544706
88,sk_meanrms1,0.035367646012374535
88,sk_weightedrms1,-0.11548175572993089
88,sk_sigma_target1,0.09563797521691317
88,sk_sigma_contralateral1,0.005421931765482822
88,sk_mahalanobis1,-0.0645410861210832
88,sk_meanrms2,0.003482508089628157
88,sk_weightedrms2,-0.16527246387409578
88,sk_sigma_target2,0.11742841517049453
88,sk_sigma_contralateral2,-0.05895587622893872
88,sk_mahalanobis2,-0.1352813296262484
88,sk_peak14_intensity_abs_delta,0.03126305486740489
88,sk_mean_peak_value_abs_delta,-0.11989491937614632
88,sk_wasserstein_distance_mu_tc,0.11757034985382793
88,sk_cosine_distance_full_q2,0.13471903315279124
88,sk_wasserstein_distance_full_q2,0.14494698564372804
89,sk_meanrms1,-0.05092658035418239
89,sk_weightedrms1,-0.10643540761064041
89,sk_sigma_target1,0.10357130710194248
89,sk_sigma_contralateral1,-0.12786642463950257
89,sk_mahalanobis1,-0.02359545953450735
89,sk_meanrms2,-0.015094870433653509
89,sk_weightedrms2,-0.036155794815097106
89,sk_sigma_target2,0.019254909382324038
89,sk_sigma_contralateral2,0.121588158505915
89,sk_mahalanobis2,-0.03481546879513835
89,sk_peak14_intensity_abs_delta,-0.07134133109305119
89,sk_mean_peak_value_abs_delta,-0.18249801366966514
89,sk_wasserstein_distance_mu_tc,0.09626714089015853
89,sk_cosine_distance_full_q2,0.11775883889506264
89,sk_wasserstein_distance_full_q2,0.22562428284418584
90,sk_meanrms1,-0.026048878297995758
90,sk_weightedrms1,-0.18623878948371803
90,sk_sigma_target1,-0.005531924099555719
90,sk_sigma_contralateral1,0.02535657775576957
90,sk_mahalanobis1,-0.046094155508913166
90,sk_meanrms2,0.0012429141723075583
90,sk_weightedrms2,-0.10657627205057219
90,sk_sigma_target2,0.008961780375916394
90,sk_sigma_contralateral2,-0.07926661757739425
90,sk_mahalanobis2,-0.10471910186323898
90,sk_peak14_intensity_abs_delta,0.033625227981318014
90,sk_mean_peak_value_abs_delta,-0.13790436937983133
90,sk_wasserstein_distance_mu_tc,0.13502426268970855
90,sk_cosine_distance_full_q2,0.09405366492856536
90,sk_wasserstein_distance_full_q2,0.17634562731300307
91,sk_meanrms1,-0.05679573162145803
91,sk_weightedrms1,-0.27931306847605686
91,sk_sigma_target1,0.09226309941883938
91,sk_sigma_contralateral1,-0.047289598851846186
91,sk_mahalanobis1,-0.10936878091925877
91,sk_meanrms2,-0.02088175299312808
91,sk_weightedrms2,-0.11574326860085396
91,sk_sigma_target2,0.1871001664108269
91,sk_sigma_contralateral2,-0.05371534064252887
91,sk_mahalanobis2,-0.1383177081554797
91,sk_peak14_intensity_abs_delta,-0.049986134664242045
91,sk_mean_peak_value_abs_delta,-0.10429286468550736
91,sk_wasserstein_distance_mu_tc,0.04552409998159009
91,sk_cosine_distance_full_q2,0.11304116238839956
91,sk_wasserstein_distance_full_q2,0.2267832631787785
92,sk_meanrms1,-0.0579877870025812
92,sk_weightedrms1,-0.18915600376186736
92,sk_sigma_target1,0.10692906993697661
92,sk_sigma_contralateral1,0.054575964912887305
92,sk_mahalanobis1,-0.06663449747955012
92,sk_meanrms2,-0.028216469924155562
92,sk_weightedrms2,-0.11551199673499483
92,sk_sigma_target2,0.05019123034365617
92,sk_sigma_contralateral2,-0.07447798049651903
92,sk_mahalanobis2,-0.1582156992244859
92,sk_peak14_intensity_abs_delta,-0.018740834423142092
92,sk_mean_peak_value_abs_delta,-0.12813154442236793
92,sk_wasserstein_distance_mu_tc,0.11520593961029468
92,sk_cosine_distance_full_q2,0.020496420793993463
92,sk_wasserstein_distance_full_q2,0.26777207459482794
93,sk_meanrms1,-0.05060019045248404
93,sk_weightedrms1,-0.08049986825345251
93,sk_sigma_target1,0.10908501606756342
93,sk_sigma_contralateral1,-0.1405016350858579
93,sk_mahalanobis1,-0.04873153297141878
93,sk_meanrms2,0.06188874601047236
93,sk_weightedrms2,-0.08576829334526107
93,sk_sigma_target2,0.049852816774390074
93,sk_sigma_contralateral2,0.015295662134812411
93,sk_mahalanobis2,-0.1044843281462441
93,sk_peak14_intensity_abs_delta,-0.01505181611646319
93,sk_mean_peak_value_abs_delta,-0.1511573094862797
93,sk_wasserstein_distance_mu_tc,0.13206934857682395
93,sk_cosine_distance_full_q2,0.16086748061072415
93,sk_wasserstein_distance_full_q2,0.24812077333745766
94,sk_meanrms1,-0.058247681148563345
94,sk_weightedrms1,-0.17827412644271937
94,sk_sigma_target1,0.022501655663790913
94,sk_sigma_contralateral1,-0.06795814587143403
94,sk_mahalanobis1,-0.042571448357908076
94,sk_meanrms2,0.014846783767510793
94,sk_weightedrms2,-0.14898332968494263
94,sk_sigma_target2,0.0310540969925996
94,sk_sigma_contralateral2,-0.010250504247843883
94,sk_mahalanobis2,-0.06763724451668449
94,sk_peak14_intensity_abs_delta,-0.10032578948269068
94,sk_mean_peak_value_abs_delta,-0.16840140813299515
94,sk_wasserstein_distance_mu_tc,0.1040486530396104
94,sk_cosine_distance_full_q2,0.05606144878861999
94,sk_wasserstein_distance_full_q2,0.2641454510719033
95,sk_meanrms1,-0.0735316772389059
95,sk_weightedrms1,-0.15801549577442817
95,sk_sigma_target1,0.06456645453676506
95,sk_sigma_contralateral1,0.012201840776476715
95,sk_mahalanobis1,-0.059311587659577246
95,sk_meanrms2,-0.021492527079867717
95,sk_weightedrms2,-0.1774879254989402
95,sk_sigma_target2,0.1271757826357012
95,sk_sigma_contralateral2,0.00027568309478171295
95,sk_mahalanobis2,-0.14048457342619075
95,sk_peak14_intensity_abs_delta,-0.08847201697059909
95,sk_mean_peak_value_abs_delta,-0.0728695476645231
95,sk_wasserstein_distance_mu_tc,0.23002231700047485
95,sk_cosine_distance_full_q2,0.1299336640272501
95,sk_wasserstein_distance_full_q2,0.21825454564750504
96,sk_meanrms1,0.010201187800191337
96,sk_weightedrms1,-0.08790801513974049
96,sk_sigma_target1,0.07781843068766664
96,sk_sigma_contralateral1,-0.004198973893068785
96,sk_mahalanobis1,-0.09034687893518221
96,sk_meanrms2,0.022555253261618276
96,sk_weightedrms2,-0.16886655812652368
96,sk_sigma_target2,0.058313179633281774
96,sk_sigma_contralateral2,-0.10191262688854417
96,sk_mahalanobis2,-0.09008616198334375
96,sk_peak14_intensity_abs_delta,0.06377779631303228
96,sk_mean_peak_value_abs_delta,-0.05187484729092069
96,sk_wasserstein_distance_mu_tc,0.1094950095269618
96,sk_cosine_distance_full_q2,0.10052370609361047
96,sk_wasserstein_distance_full_q2,0.15415510924230383
97,sk_meanrms1,-0.08134841682133015
97,sk_weightedrms1,-0.14958402415445868
97,sk_sigma_target1,0.012095485478810288
97,sk_sigma_contralateral1,-0.0846588540160077
97,sk_mahalanobis1,-0.05507063608420786
97,sk_meanrms2,-0.0017737812449649343
97,sk_weightedrms2,-0.05816988217203699
97,sk_sigma_target2,0.034274433162438986
97,sk_sigma_contralateral2,-0.037391092624955206
97,sk_mahalanobis2,-0.1284086007126611
97,sk_peak14_intensity_abs_delta,-0.049682808556844156
97,sk_mean_peak_value_abs_delta,-0.2098747121336826
97,sk_wasserstein_distance_mu_tc,0.023581796215793375
97,sk_cosine_distance_full_q2,0.13340611217588688
97,sk_wasserstein_distance_full_q2,0.2659037420924091
98,sk_meanrms1,-0.022392374845831474
98,sk_weightedrms1,-0.23792501113814343
98,sk_sigma_target1,0.06892168179058579
98,sk_sigma_contralateral1,-0.054309039361168106
98,sk_mahalanobis1,-0.07365371401989877
98,sk_meanrms2,0.005230177890788388
98,sk_weightedrms2,-0.08929279474672253
98,sk_sigma_target2,0.08123670829774192
98,sk_sigma_contralateral2,-0.05289162150478825
98,sk_mahalanobis2,-0.17311078904033778
98,sk_peak14_intensity_abs_delta,-0.008779801417333989
98,sk_mean_peak_value_abs_delta,-0.16171736835365155
98,sk_wasserstein_distance_mu_tc,0.07831014793294036
98,sk_cosine_distance_full_q2,0.07091378547435132
98,sk_wasserstein_distance_full_q2,0.3103660058486796
99,sk_meanrms1,-0.07576519504822715
99,sk_weightedrms1,-0.1912834354998453
99,sk_sigma_target1,0.08355493511704012
99,sk_sigma_contralateral1,-0.008820006116952571
99,sk_mahalanobis1,-0.02600020268390976
99,sk_meanrms2,0.016936223788078013
99,sk_weightedrms2,-0.10615554427053785
99,sk_sigma_target2,0.012878825193889347
99,sk_sigma_contralateral2,0.0007731672204422091
99,sk_mahalanobis2,-0.04176958391420835
99,sk_peak14_intensity_abs_delta,-0.07350850686995439
99,sk_mean_peak_value_abs_delta,-0.19121731867897834
99,sk_wasserstein_distance_mu_tc,0.08264694298773732
99,sk_cosine_distance_full_q2,0.06410311730239876
99,sk_wasserstein_distance_full_q2,0.2298327748453717
