component,explained_variance_ratio,cumulative_explained_variance_ratio,lr1_coefficient_per_sd_train_all,abs_lr1_coefficient_per_sd_train_all,cancer_minus_benign_score_sd_train_all,univariate_auc_train_all,univariate_auc_direction,fold_aligned_lr1_coefficient_mean,fold_aligned_lr1_coefficient_sd,fold_mean_abs_lr1_coefficient,fold_coefficient_direction_consistency,fold_basis_abs_cosine_mean,fold_basis_abs_cosine_min,one_sd_max_q_nm_inv,one_sd_max_delta,one_sd_min_q_nm_inv,one_sd_min_delta,one_sd_peak_to_peak,model_activity_rank
1,0.5891413483995578,0.5891413483995578,0.3007768323147828,0.3007768323147828,0.27654104145479586,0.586859597924773,CANCER_higher,0.3024887642799375,0.0848300949030852,0.3024887642799375,1.0,0.9985675515233255,0.9871192670018418,13.36132960836403,0.38540154068488663,20.908205593703315,-0.3411145460469649,0.7265160867318515,1
4,0.020184644176050672,0.9424925320637367,-0.23954284469188125,0.23954284469188125,-0.22427480999296953,0.576321335927367,CANCER_lower,-0.23587642427688457,0.08084600202454341,0.23587642427688457,1.0,0.9964603666478095,0.9861642092039292,2.041015630355105,0.15824355937892845,15.166017343988642,-0.05036865999513859,0.20861221937406704,2
6,0.001818069654396212,0.9493805198462817,-0.2002233716022076,0.2002233716022076,-0.1833821090913075,0.5443620298313878,CANCER_lower,-0.19132582648723986,0.08468126101876773,0.193636004065508,0.98,0.9773577455519049,0.8887187754375355,2.1230468910653144,0.05904361619726107,4.091797148110345,-0.028553822670392217,0.08759743886765328,3
7,0.001200340179987502,0.9505808600262692,0.1654219019180496,0.1654219019180496,0.15206310542714732,0.5420314526588846,CANCER_higher,0.1599907638912855,0.08151989213781695,0.16408321285749358,0.95,0.9532041871141161,0.8583289930075018,9.013672790722921,0.019283166535915296,2.1230468910653144,-0.01813867419738628,0.03742184073330158,4
2,0.29319732088691536,0.8823386692864732,-0.14800841589051986,0.14800841589051986,-0.1576258262219797,0.5404912451361867,CANCER_lower,-0.15273271411181594,0.06501973836724202,0.15273271411181594,1.0,0.9983763228417665,0.9876971623199624,14.099610954755917,0.30298936968140394,6.798828751547262,-0.0016528266135741134,0.3046421962949781,5
29,0.0005344998345758938,0.9656439084505919,-0.2618168254477116,0.2618168254477116,-0.25580662439316754,0.567363813229572,CANCER_lower,-0.06950511560935464,0.14669910822751425,0.13313694041883806,0.69,0.20954943902558754,0.0013664804231127026,14.509767258306965,0.025500305092439005,14.099610954755917,-0.0210435422885619,0.046543847381000904,6
28,0.0005498118883171709,0.965109408616016,-0.039306139747288346,0.039306139747288346,-0.03543604032549564,0.5033236057068742,CANCER_higher,0.022853879295383284,0.15983852916314759,0.13108839846771878,0.55,0.1916225105100728,0.002371290203613423,12.951173304812983,0.020112890405805554,15.49414238682948,-0.019912124951164806,0.04002501535697036,7
10,0.000837049506540393,0.9532495783284569,-0.25831154616677005,0.25831154616677005,-0.25059165260936506,0.5659046692607004,CANCER_lower,-0.12109319655574524,0.08644963845147716,0.12858660778506326,0.91,0.44166122706966654,0.002418463813269753,2.2871094124857336,0.029771409317968886,14.427735997596756,-0.023801636581750912,0.0535730458997198,8
24,0.0005835021909158856,0.9628658468948204,0.020941031746863976,0.020941031746863976,0.014615065132291393,0.5142063878080415,CANCER_higher,0.0196507196357922,0.14101920977640844,0.11909612581349707,0.56,0.27054895167064436,0.0013913789781182587,13.68945465120487,0.038870164482394755,14.427735997596756,-0.020748232506884207,0.05961839698927896,9
25,0.0005760971582625746,0.9634419440530829,0.05921608135172478,0.05921608135172478,0.05789226923983036,0.5076402399481192,CANCER_higher,0.029448147412499043,0.14188064087914512,0.11707690127502372,0.55,0.2470147101419144,0.005488113194144037,14.509767258306965,0.02037751220814805,13.60742339049466,-0.01670487199137984,0.03708238419952789,10
30,0.0005286744423836071,0.9661725828929755,0.07073697793000643,0.07073697793000643,0.06646127632680422,0.5214007782101168,CANCER_higher,0.015485956818059152,0.14847629152741146,0.11640744077460406,0.53,0.21593783908595654,0.005022174632723919,11.966798176290467,0.018701712066755114,2.451171933906153,-0.01777966741542992,0.036481379482185036,11
27,0.0005539352554779966,0.9645595967276989,-0.06286027897955385,0.06286027897955385,-0.06717357738399372,0.5080860894941635,CANCER_lower,-0.010511095876214717,0.1375607007816754,0.11148806307963356,0.58,0.2143335435788675,0.005942489277985427,2.3691406731959432,0.021831461153232926,2.041015630355105,-0.01939578213944367,0.041227243292676595,12
26,0.000563717419137957,0.9640056614722209,-0.18904875835540808,0.18904875835540808,-0.1752530578623935,0.5607976653696498,CANCER_lower,-0.03625452632978257,0.11936608563627897,0.1042086454682995,0.59,0.25967030387333995,0.003458720779652827,18.03711146884598,0.01823102129103866,21.72851820080541,-0.018062403439914325,0.03629342473095298,13
23,0.000589262348559921,0.9622823447039046,-0.1274554065517515,0.1274554065517515,-0.11762511223179449,0.5340466926070039,CANCER_lower,-0.02995760736208884,0.12460719094351771,0.10105002140224156,0.61,0.2690537908535718,0.0013821858095246845,2.5332031946163625,0.02280973186481098,15.248048604698852,-0.021994449164682267,0.04480418102949325,14
20,0.0006324000974574016,0.9604646937851321,-0.023039848844736293,0.023039848844736293,-0.0202195829913505,0.5049043450064851,CANCER_lower,0.020119673260057452,0.12368630341799305,0.10021838136347952,0.58,0.31066505473480865,0.002663792959848456,3.1074220195878297,0.02319313019326399,16.970705079613253,-0.01905119569996236,0.04224432589322635,15
21,0.0006271990036428973,0.961091892788775,-0.11128933352743277,0.11128933352743277,-0.10584618654925364,0.5153818093385214,CANCER_lower,-0.026692399066530446,0.11855987416507413,0.09863949614984273,0.6,0.2671633648960839,0.004774040619207387,15.248048604698852,0.028814988311285105,13.36132960836403,-0.022731227303755125,0.05154621561504023,16
22,0.0006011895665696342,0.9616930823553447,0.06015929556658276,0.06015929556658276,0.06103181413955408,0.5190296692607004,CANCER_higher,0.034895812774604476,0.11409562543710612,0.09740064321089666,0.66,0.2948701520834998,0.005010582615601358,15.330079865409061,0.024203400698976155,2.7792969767469913,-0.018496706432532442,0.0427001071315086,17
9,0.0008698247272176902,0.9524125288219165,0.026785087500609202,0.026785087500609202,0.026714308651378884,0.5008916990920882,CANCER_higher,0.0045949614679296836,0.1186547295886653,0.09604847053597129,0.54,0.7127673249310276,0.13454318373454754,2.1230468910653144,0.03092293097458464,2.615234455326572,-0.027193583354364868,0.05811651432894951,18
12,0.0008133205748279843,0.954883315039446,-0.015520906536151938,0.015520906536151938,-0.027026190913289887,0.5072551880674449,CANCER_lower,-0.0009869129593692697,0.11899921203416426,0.0954389999591718,0.52,0.41552869029153244,0.015025913122952088,13.68945465120487,0.032474540327171966,13.36132960836403,-0.023803160959516016,0.05627770128668798,19
19,0.0006503572924759722,0.9598322936876748,0.15826386715255836,0.15826386715255836,0.14236552057068325,0.5382011997405967,CANCER_higher,0.04978281777449111,0.11149108744801652,0.09471067310697384,0.71,0.3473946612096446,0.007795466301541154,14.591798519017175,0.027981064905515895,2.1230468910653144,-0.022083931422904362,0.05006499632842026,20
11,0.0008204161361610828,0.954069994464618,0.015166295778467447,0.015166295778467447,0.008702297413297927,0.5001013294422828,CANCER_higher,0.0036236890929651957,0.11452846639696135,0.09343614690298464,0.51,0.443442600572654,0.0023154162141318275,14.345704736886546,0.03727715946497063,13.279298347653821,-0.02561665958704408,0.06289381905201472,21
15,0.0007224443888574539,0.9571189022357863,-0.0824269602285505,0.0824269602285505,-0.08414835735905123,0.5113286316472114,CANCER_lower,-0.030908702708785388,0.10982208544776072,0.09020119772057479,0.63,0.36177170782149654,0.008806510270535136,15.083986083278432,0.03368672263821795,12.376954479841515,-0.02183070765949325,0.0555174302977112,22
3,0.03996921860121287,0.922307887887686,0.07937260797205989,0.07937260797205989,0.06498327149461261,0.5390118352788587,CANCER_higher,0.07609393109089288,0.0714200371570549,0.08658384290099029,0.86,0.9971458035354535,0.9853851969791592,11.392579351319,0.12738059612647484,2.6972657160367817,-0.08912921360858705,0.2165098097350619,23
18,0.000674733600466629,0.9591819363951988,0.03315290215594162,0.03315290215594162,0.03245842221383521,0.5097073605706874,CANCER_lower,-0.00039976324816863514,0.10607699206021039,0.0853931745683698,0.54,0.3048936079773548,0.013638286317543678,2.9433594981674105,0.026204895279036553,14.919923561858013,-0.026179139500058533,0.05238403477909509,24
13,0.0007785597391145025,0.9556618747785605,-0.055583496226365166,0.055583496226365166,-0.05364763580146208,0.5099910830090791,CANCER_higher,-0.02769293153158718,0.10144952626886601,0.08521934731222142,0.65,0.4657783912287527,0.013394566928652304,13.52539212978445,0.02858588554737221,12.623048261972144,-0.02761095298416559,0.0561968385315378,25
16,0.0006990439625348924,0.9578179461983213,-0.04657266960766441,0.04657266960766441,-0.055488685693786524,0.5256566147859922,CANCER_lower,-0.0011603808305527146,0.10111901119673317,0.08069367766426212,0.55,0.3144217822579303,0.006372846354269511,3.1894532802980393,0.023886942963453516,12.623048261972144,-0.023492128588800672,0.04737907155225419,26
14,0.0007345830683683437,0.9563964578469288,0.07968918765254408,0.07968918765254408,0.06768057972589459,0.5163545719844358,CANCER_higher,0.04027107059309328,0.09250013488214168,0.08019931338466338,0.72,0.40636825048661507,0.010749746734313129,14.099610954755917,0.03238581380071789,14.673829779727384,-0.02664115543817339,0.05902696923889128,27
17,0.0006892565964108919,0.9585072027947321,-0.09034562728681711,0.09034562728681711,-0.09279160603597628,0.5330333981841764,CANCER_lower,-0.037397636606669483,0.0931546485545797,0.07880184312726576,0.63,0.3214198599935444,0.004019159661896907,13.033204565523192,0.028190735350423584,15.49414238682948,-0.02375916154375173,0.05194989689417531,28
5,0.005069918128148724,0.9475624501918855,0.01005082419540784,0.01005082419540784,0.00420390470817696,0.5116326199740596,CANCER_higher,0.011417501543597951,0.07245934551608349,0.05826085681802467,0.51,0.9947044370149095,0.9869721901532655,13.115235826233402,0.04463921273581988,15.986329951090738,-0.038841873461350415,0.08348108619717029,29
8,0.0009618440684297602,0.9515427040946989,0.013922030616692784,0.013922030616692784,0.0044335521775367365,0.5028777561608302,CANCER_lower,0.019193948179813944,0.07137974824038812,0.056324716364041676,0.65,0.9005099616754471,0.7707436908336113,13.771485911915079,0.03454136642626458,12.212891958421096,-0.02316231437613892,0.0577036808024035,30
